/*
 Navicat Premium Data Transfer

 Source Server         : 127.0.0.1
 Source Server Type    : MySQL
 Source Server Version : 50624
 Source Host           : localhost:3306
 Source Schema         : didadb

 Target Server Type    : MySQL
 Target Server Version : 50624
 File Encoding         : 65001

 Date: 21/11/2018 23:32:14
*/

SET NAMES utf8mb4;
SET FOREIGN_KEY_CHECKS = 0;

-- ----------------------------
-- Table structure for act_evt_log
-- ----------------------------
DROP TABLE IF EXISTS `act_evt_log`;
CREATE TABLE `act_evt_log`  (
  `LOG_NR_` bigint(20) NOT NULL AUTO_INCREMENT,
  `TYPE_` varchar(64) CHARACTER SET utf8 COLLATE utf8_bin DEFAULT NULL,
  `PROC_DEF_ID_` varchar(64) CHARACTER SET utf8 COLLATE utf8_bin DEFAULT NULL,
  `PROC_INST_ID_` varchar(64) CHARACTER SET utf8 COLLATE utf8_bin DEFAULT NULL,
  `EXECUTION_ID_` varchar(64) CHARACTER SET utf8 COLLATE utf8_bin DEFAULT NULL,
  `TASK_ID_` varchar(64) CHARACTER SET utf8 COLLATE utf8_bin DEFAULT NULL,
  `TIME_STAMP_` timestamp(3) NOT NULL DEFAULT CURRENT_TIMESTAMP(3) ON UPDATE CURRENT_TIMESTAMP(3),
  `USER_ID_` varchar(255) CHARACTER SET utf8 COLLATE utf8_bin DEFAULT NULL,
  `DATA_` longblob,
  `LOCK_OWNER_` varchar(255) CHARACTER SET utf8 COLLATE utf8_bin DEFAULT NULL,
  `LOCK_TIME_` timestamp(3) DEFAULT NULL,
  `IS_PROCESSED_` tinyint(4) DEFAULT 0,
  PRIMARY KEY (`LOG_NR_`) USING BTREE
) ENGINE = InnoDB AUTO_INCREMENT = 1 CHARACTER SET = utf8 COLLATE = utf8_bin ROW_FORMAT = Compact;

-- ----------------------------
-- Table structure for act_ge_bytearray
-- ----------------------------
DROP TABLE IF EXISTS `act_ge_bytearray`;
CREATE TABLE `act_ge_bytearray`  (
  `ID_` varchar(64) CHARACTER SET utf8 COLLATE utf8_bin NOT NULL DEFAULT '',
  `REV_` int(11) DEFAULT NULL,
  `NAME_` varchar(255) CHARACTER SET utf8 COLLATE utf8_bin DEFAULT NULL,
  `DEPLOYMENT_ID_` varchar(64) CHARACTER SET utf8 COLLATE utf8_bin DEFAULT NULL,
  `BYTES_` longblob,
  `GENERATED_` tinyint(4) DEFAULT NULL,
  PRIMARY KEY (`ID_`) USING BTREE,
  INDEX `ACT_FK_BYTEARR_DEPL`(`DEPLOYMENT_ID_`) USING BTREE,
  CONSTRAINT `ACT_FK_BYTEARR_DEPL` FOREIGN KEY (`DEPLOYMENT_ID_`) REFERENCES `act_re_deployment` (`ID_`) ON DELETE RESTRICT ON UPDATE RESTRICT
) ENGINE = InnoDB CHARACTER SET = utf8 COLLATE = utf8_bin ROW_FORMAT = Compact;

-- ----------------------------
-- Records of act_ge_bytearray
-- ----------------------------
INSERT INTO `act_ge_bytearray` VALUES ('20008', 1, 'a.png', '20007', 0xFFD8FFE100644578696600004D4D002A00000008000587690004000000010000004A01120004000000010000000001010003000000010030000001320002000000010000000001000003000000010030000000000000000192080004000000010000000000000000FFE000104A46494600010100000100010000FFDB00430006040506050406060506070706080A100A0A09090A140E0F0C1017141818171416161A1D251F1A1B231C1616202C20232627292A29191F2D302D283025282928FFDB0043010707070A080A130A0A13281A161A2828282828282828282828282828282828282828282828282828282828282828282828282828282828282828282828282828FFC00011080030003003012200021101031101FFC4001C0000020202030000000000000000000000050704060203000108FFC4003310000201030204020708030000000000000304050206130001071223331415112243637383A317243241525393B3218294FFC400160101010100000000000000000000000000000102FFC4001511010100000000000000000000000000000001FFDA000C03010002110311003F00F51E85493AA43A646E48E35D61ED90852139063D07BA26410516EC9D746C6A56DB26E31F7084EDD031FF008EE109D3D501885DA902F2F79A355C970177FBA47847CCBA95F7318C64F57E2109D4D6595B28E23C5943922412D2E0E7C63AA3E3986064F998F1FD4D44FB49481B1D8978BB8A1423FC75C8461E81D1F307907A990B293A49AF033D12BAF9C1E2682009B93DA76C9D3D49BA272497941C4DBA88D87483F1042304C6318F5547E224D494404EC7B636D726DEA1572641D7A2FA49290ECBA4764AD74016E5D2A3150D9A03B7A157883EA7507D3C83264EE7707A605AB3345C30EBBC3DBC29EAE719D720FA8020FA641FFA135110789230B0E5980376BCF465AB6F47E635D820FEA0C7A33789E452B565188100D8941AE422E3FD64D5778B0B968804A6931908585915E5318FB8418FA64DBF8C84D43E29CC35BD9694B5BCE10691985C8C3C9F509B264EE107F4F5545385323704A5A2BB178A7BA72DCE4DAB1F263C9F2F5DF13A565A02CD7646DB4BC5C9071E35F1909ED3F6C7AA406638811F092CC81FB66E04A18792B718C832303C793D9F4FB64D63312FC44DC72A9118B662AB5131BA46D7A48420C64C9DB193E19340D0B1A424A56D68E72691F2F9120FD275F93B64D01B1C7E5B795F11B5AF8C753ABCA049FB836078FF00B1726B2E1ACC1D8425959292248571CF113A1C263EB8C63193274FE26B45A6CED2D775D72AA7AD1D46EBC72F5753AE45F21084FE43E3F97A063E93D171EF5BB73A76D044076D59221D812E4ABA880E8FC63FD041E4AC7C9ED3A9EEF4E1D2F630A16F8BB71179BA8844A6B51EEF2118213FAC7A912044BF0AD5DBC68EDB99948513A32644C78C8B93E5935A9FE1695FACBE7D77CE3632006B904BD035C6418FF22720F4DED734098868D66723FCAA286283B39162B4B91737DE247193193A83ED8F264F784F77934D28B8E4A1D01231EB8D64C03E98C7474E8D56B851BD14C24A8C63C6304DCA0E8FFB09ABD683FFD9, 0);
INSERT INTO `act_ge_bytearray` VALUES ('20009', 1, 'leave.bpmn', '20007', 0x3C3F786D6C2076657273696F6E3D22312E302220656E636F64696E673D225554462D3822207374616E64616C6F6E653D22796573223F3E0D0A3C646566696E6974696F6E7320786D6C6E733D22687474703A2F2F7777772E6F6D672E6F72672F737065632F42504D4E2F32303130303532342F4D4F44454C2220786D6C6E733A61637469766974693D22687474703A2F2F61637469766974692E6F72672F62706D6E2220786D6C6E733A62706D6E64693D22687474703A2F2F7777772E6F6D672E6F72672F737065632F42504D4E2F32303130303532342F44492220786D6C6E733A6F6D6764633D22687474703A2F2F7777772E6F6D672E6F72672F737065632F44442F32303130303532342F44432220786D6C6E733A6F6D6764693D22687474703A2F2F7777772E6F6D672E6F72672F737065632F44442F32303130303532342F44492220786D6C6E733A746E733D22687474703A2F2F7777772E61637469766974692E6F72672F746573742220786D6C6E733A7873643D22687474703A2F2F7777772E77332E6F72672F323030312F584D4C536368656D612220786D6C6E733A7873693D22687474703A2F2F7777772E77332E6F72672F323030312F584D4C536368656D612D696E7374616E6365222065787072657373696F6E4C616E67756167653D22687474703A2F2F7777772E77332E6F72672F313939392F5850617468222069643D226D3135343236313435313933363922206E616D653D2222207461726765744E616D6573706163653D22687474703A2F2F7777772E61637469766974692E6F72672F746573742220747970654C616E67756167653D22687474703A2F2F7777772E77332E6F72672F323030312F584D4C536368656D61223E0D0A20203C70726F636573732069643D226C6561766550726F6365737322206973436C6F7365643D2266616C73652220697345786563757461626C653D227472756522206E616D653D22E5ADA6E7949FE8AFB7E58187E6B581E7A88BE794B3E8AFB7222070726F63657373547970653D224E6F6E65223E0D0A202020203C73746172744576656E742069643D225F3222206E616D653D2253746172744576656E74222F3E0D0A202020203C757365725461736B2061637469766974693A61737369676E65653D22237B756E616D657D222061637469766974693A6578636C75736976653D2274727565222069643D225F3322206E616D653D22E5ADA6E7949FE8AFB7E58187E794B3E8AFB7222F3E0D0A202020203C757365725461736B2061637469766974693A61737369676E65653D22237B62616E7A687572656E7D222061637469766974693A6578636C75736976653D2274727565222069643D225F3422206E616D653D22E78FADE4B8BBE4BBBBE5AEA1E689B9222F3E0D0A202020203C757365725461736B2061637469766974693A61737369676E65653D22237B667564616F7975616E7D222061637469766974693A6578636C75736976653D2274727565222069643D225F3522206E616D653D22E8BE85E5AFBCE59198E5AEA1E5AEA1E689B9222F3E0D0A202020203C656E644576656E742069643D225F3622206E616D653D22456E644576656E74222F3E0D0A202020203C73657175656E6365466C6F772069643D225F372220736F757263655265663D225F3222207461726765745265663D225F33222F3E0D0A202020203C73657175656E6365466C6F772069643D225F382220736F757263655265663D225F3322207461726765745265663D225F34222F3E0D0A202020203C73657175656E6365466C6F772069643D225F392220736F757263655265663D225F3422207461726765745265663D225F35222F3E0D0A202020203C73657175656E6365466C6F772069643D225F31302220736F757263655265663D225F3522207461726765745265663D225F36222F3E0D0A20203C2F70726F636573733E0D0A20203C62706D6E64693A42504D4E4469616772616D20646F63756D656E746174696F6E3D226261636B67726F756E643D233343334634313B636F756E743D313B686F72697A6F6E74616C636F756E743D313B6F7269656E746174696F6E3D303B77696474683D3834322E343B6865696768743D313139352E323B696D61676561626C6557696474683D3833322E343B696D61676561626C654865696768743D313138352E323B696D61676561626C65583D352E303B696D61676561626C65593D352E30222069643D224469616772616D2D5F3122206E616D653D224E6577204469616772616D223E0D0A202020203C62706D6E64693A42504D4E506C616E652062706D6E456C656D656E743D226C6561766550726F63657373223E0D0A2020202020203C62706D6E64693A42504D4E53686170652062706D6E456C656D656E743D225F32222069643D2253686170652D5F32223E0D0A20202020202020203C6F6D6764633A426F756E6473206865696768743D2233322E30222077696474683D2233322E302220783D2235302E302220793D223234352E30222F3E0D0A20202020202020203C62706D6E64693A42504D4E4C6162656C3E0D0A202020202020202020203C6F6D6764633A426F756E6473206865696768743D2233322E30222077696474683D2233322E302220783D22302E302220793D22302E30222F3E0D0A20202020202020203C2F62706D6E64693A42504D4E4C6162656C3E0D0A2020202020203C2F62706D6E64693A42504D4E53686170653E0D0A2020202020203C62706D6E64693A42504D4E53686170652062706D6E456C656D656E743D225F33222069643D2253686170652D5F33223E0D0A20202020202020203C6F6D6764633A426F756E6473206865696768743D2235352E30222077696474683D2238352E302220783D223131302E302220793D223233352E30222F3E0D0A20202020202020203C62706D6E64693A42504D4E4C6162656C3E0D0A202020202020202020203C6F6D6764633A426F756E6473206865696768743D2235352E30222077696474683D2238352E302220783D22302E302220793D22302E30222F3E0D0A20202020202020203C2F62706D6E64693A42504D4E4C6162656C3E0D0A2020202020203C2F62706D6E64693A42504D4E53686170653E0D0A2020202020203C62706D6E64693A42504D4E53686170652062706D6E456C656D656E743D225F34222069643D2253686170652D5F34223E0D0A20202020202020203C6F6D6764633A426F756E6473206865696768743D2235352E30222077696474683D2238352E302220783D223233302E302220793D223233352E30222F3E0D0A20202020202020203C62706D6E64693A42504D4E4C6162656C3E0D0A202020202020202020203C6F6D6764633A426F756E6473206865696768743D2235352E30222077696474683D2238352E302220783D22302E302220793D22302E30222F3E0D0A20202020202020203C2F62706D6E64693A42504D4E4C6162656C3E0D0A2020202020203C2F62706D6E64693A42504D4E53686170653E0D0A2020202020203C62706D6E64693A42504D4E53686170652062706D6E456C656D656E743D225F35222069643D2253686170652D5F35223E0D0A20202020202020203C6F6D6764633A426F756E6473206865696768743D2235352E30222077696474683D2238352E302220783D223335302E302220793D223234302E30222F3E0D0A20202020202020203C62706D6E64693A42504D4E4C6162656C3E0D0A202020202020202020203C6F6D6764633A426F756E6473206865696768743D2235352E30222077696474683D2238352E302220783D22302E302220793D22302E30222F3E0D0A20202020202020203C2F62706D6E64693A42504D4E4C6162656C3E0D0A2020202020203C2F62706D6E64693A42504D4E53686170653E0D0A2020202020203C62706D6E64693A42504D4E53686170652062706D6E456C656D656E743D225F36222069643D2253686170652D5F36223E0D0A20202020202020203C6F6D6764633A426F756E6473206865696768743D2233322E30222077696474683D2233322E302220783D223438352E302220793D223234302E30222F3E0D0A20202020202020203C62706D6E64693A42504D4E4C6162656C3E0D0A202020202020202020203C6F6D6764633A426F756E6473206865696768743D2233322E30222077696474683D2233322E302220783D22302E302220793D22302E30222F3E0D0A20202020202020203C2F62706D6E64693A42504D4E4C6162656C3E0D0A2020202020203C2F62706D6E64693A42504D4E53686170653E0D0A2020202020203C62706D6E64693A42504D4E456467652062706D6E456C656D656E743D225F37222069643D2242504D4E456467655F5F372220736F75726365456C656D656E743D225F322220746172676574456C656D656E743D225F33223E0D0A20202020202020203C6F6D6764693A776179706F696E7420783D2238322E302220793D223236312E30222F3E0D0A20202020202020203C6F6D6764693A776179706F696E7420783D223131302E302220793D223236322E35222F3E0D0A20202020202020203C62706D6E64693A42504D4E4C6162656C3E0D0A202020202020202020203C6F6D6764633A426F756E6473206865696768743D22302E30222077696474683D22302E302220783D22302E302220793D22302E30222F3E0D0A20202020202020203C2F62706D6E64693A42504D4E4C6162656C3E0D0A2020202020203C2F62706D6E64693A42504D4E456467653E0D0A2020202020203C62706D6E64693A42504D4E456467652062706D6E456C656D656E743D225F38222069643D2242504D4E456467655F5F382220736F75726365456C656D656E743D225F332220746172676574456C656D656E743D225F34223E0D0A20202020202020203C6F6D6764693A776179706F696E7420783D223139352E302220793D223236322E35222F3E0D0A20202020202020203C6F6D6764693A776179706F696E7420783D223233302E302220793D223236322E35222F3E0D0A20202020202020203C62706D6E64693A42504D4E4C6162656C3E0D0A202020202020202020203C6F6D6764633A426F756E6473206865696768743D22302E30222077696474683D22302E302220783D22302E302220793D22302E30222F3E0D0A20202020202020203C2F62706D6E64693A42504D4E4C6162656C3E0D0A2020202020203C2F62706D6E64693A42504D4E456467653E0D0A2020202020203C62706D6E64693A42504D4E456467652062706D6E456C656D656E743D225F39222069643D2242504D4E456467655F5F392220736F75726365456C656D656E743D225F342220746172676574456C656D656E743D225F35223E0D0A20202020202020203C6F6D6764693A776179706F696E7420783D223331352E302220793D223236322E35222F3E0D0A20202020202020203C6F6D6764693A776179706F696E7420783D223335302E302220793D223236372E35222F3E0D0A20202020202020203C62706D6E64693A42504D4E4C6162656C3E0D0A202020202020202020203C6F6D6764633A426F756E6473206865696768743D22302E30222077696474683D22302E302220783D22302E302220793D22302E30222F3E0D0A20202020202020203C2F62706D6E64693A42504D4E4C6162656C3E0D0A2020202020203C2F62706D6E64693A42504D4E456467653E0D0A2020202020203C62706D6E64693A42504D4E456467652062706D6E456C656D656E743D225F3130222069643D2242504D4E456467655F5F31302220736F75726365456C656D656E743D225F352220746172676574456C656D656E743D225F36223E0D0A20202020202020203C6F6D6764693A776179706F696E7420783D223433352E302220793D223236372E35222F3E0D0A20202020202020203C6F6D6764693A776179706F696E7420783D223438352E302220793D223235362E30222F3E0D0A20202020202020203C62706D6E64693A42504D4E4C6162656C3E0D0A202020202020202020203C6F6D6764633A426F756E6473206865696768743D22302E30222077696474683D22302E302220783D22302E302220793D22302E30222F3E0D0A20202020202020203C2F62706D6E64693A42504D4E4C6162656C3E0D0A2020202020203C2F62706D6E64693A42504D4E456467653E0D0A202020203C2F62706D6E64693A42504D4E506C616E653E0D0A20203C2F62706D6E64693A42504D4E4469616772616D3E0D0A3C2F646566696E6974696F6E733E0D0A, 0);
INSERT INTO `act_ge_bytearray` VALUES ('20010', 1, 'leave.leaveProcess.png', '20007', 0x89504E470D0A1A0A0000000D494844520000020F000001310806000000FBBD41E200000F9B4944415478DAEDDD6D689DE77900E0C00ACB8F32C6D846B76E901F1D0C96C1A0A59451A8DBED470D291BA376A20FC7FA112C3B962CE76B29C21F49FD236BACE0241398AC012FB3211D816E4C5D6CF93376C86CA39AD96E8C82DC3A0EA9624776D6D88A2D5B76F4EEB9CD39E6B5AC4FFBE81C9D73AE0B6E94E8C84E38F7D1F3DCEFF3DCEFF3DE730F000000000000000000000000000000000000000000000000000000000000000000000000000000000000000000000000000000000000000000000000000000000000000000000000000000000000000000000000000000000000000000000000000000000000000000000000000000000000000000000000000000000000000000000000000000000000000000000000000000000000000000000000000000000000000000000000000000000000000000000000000000000000000000000000000000000000000000000000000000000000000000000000000000000000000000000000000000000000000000000000000000000000000000000000000000000000000000000000000000000000000000000000000000000000000000000000000000000000000000000000000000000000000000000000000000000000000000000000000000000000000000000000000000000000000000000000000000000000000000000000000000000000000000000000000000000000000000000000000000000000000000000000000000000000000000000000000000000000000000000000000000000000000000000000000000000000000000000000000000000000000000000000000000000000000000000000000000000000000000000000549F2CCBBE70EAD4A9370E1D3AF4F99E3D7BB25DBB76893B88DDBB7767070E1C389FA2597EE517A0A6C5C4F2F6DB6F67434343D9D5AB57C55DC4B973E7B2FDFBF75F4813CDF7E5577E016A565C919A584A3AC15C4D57AAFDF22BBF00352B96B24D0AA58D34B95C935FF905A859B19F6B4228F9E492C9AFFC423558B060C1171A1A1ABEFBD0430F6D48B13D457F8A6B29B2427C985EDF95E2B914CD2D2D2DF77AD798F1E4F2D9A767B2537D5BB213BB7F7823E29FE37B2693DA281EE4B73AF3AB215643EC9D5AB468D1975261F04C2A087E992B14661267526C4E719F1954F130650CFF66307BB7776D76ECBF9FBA25E27BF19A09A5BA8B07F9ADDEFC6A88D5107B272B0D0F3EF8E00F1A1B1B2FCDB268181FD76235C24A84E261D2F8F0C47FDD36B114E3D7277A0C3C555E3CC86FF5E65743AC86D859AE367C254DF8C7C617028F3EFA68F6CA2BAF64E9F3940D0E0E662323235988AFF1F93A72E448F6DA6BAF65AB57AFBEAD884885C8FFA6B8DF6CAA78B82DFAF7FD68D2C9255E33E85477F120BFD59B5F0DB11A62672A4DF0DF686A6A3A979FF89F7AEAA91B85C1F5EBD7B3993A7AF468D6D9D939BE88184E7FFF036654C5C32DF1EEAE67269D5CE235034E75170FF2AB2156D476436C140E8D8D8D978B937D2A22B29E9E9E59150DE3EDD8B1236B6969B9651B43013103E9BDBBB7B7B7F7B1EEEEEEC31B376EFCF489279EB8567C239B9B9BC71E7BECB12BEBD6ADFBD5B3CF3EFBD355AB567D5BF160F0915FF9AD54F1A021B67E8B87D8AA4885C3FFE5B728060606B252387DFA74D6DEDE3E7E05C216C6443EFAE8A3AF6EDDBAF59D8E8E8ECF23095BB66CB9B14F74E6CC999BFB44A3A3A337F689FAFAFAB26DDBB6652B56AC184B6FF0279D9D9D3F4C89FC62B5150F31D84C36B9C46B069CEA9E5CE45743ACA8CDE2A1701BE6B17CE110735329C5DF972F20A2074213E5AD2B0D5FDCB76FDFCEB6B6B6B1AEAEAEECF8F1E3378A84993A71E244D6DDDD9D3DF2C823971E7FFCF107AA69F039F94EF7A4934BBC66C0A9EEC9457E35C48ADA2C1EE2AE8AFC5645A9561C265A8118B785B151D550586D78E9A5972E44A769348BDC8DF7DE7B2F5BB56AD5F5D6D6D69FCD87EA6C2683CF2783C7B37777AEBFFDCA257D2F5E33E054F7E422BF1A6245ED150F718E43FE76CCE871984BD10391EF7F88ED92BA2E1C868787BFB566CD9AD1975F7E39BB78F16249DEE4D8DE487FDFB5952B57EEAFF436C64CF74CDFFFF9BFDD36F0C4F70C36B5B1272EBF7A5A446D150F710054FEAE8AD9AC94DFA9A79F7E3A5F406CAEEB1587281C9E7FFEF9BBEA4A9DCCE6CD9B475B5B5B77C7BED4BC9E5CAE5CC94EFECFE6DB97B4D3F7E235034E95170FF2AB781035553C147A1D6E9E1C19B76396436CE7E74FA29C6F3D7E65EB7188AD8A5871988BC2A1E8C5175FBCDCDCDCFCFA7C1D7CA2A16AE09D7F9E74F089D7345D55EFE422BF1A62E5B4F68A87B86532DF24399773D878F983A4E2591875573C447364BC09A5DAAA986A0B2325F7427AA317CCABC1275D719E39B937FBC58ECE49079E62C4CFC4CFBA4AADA2C9457E35C46A88ADD9E2A1F090AB1B13F8ABAFBE9A9553DC61982B1E9EABBBED8AB8AB229660CA219A289B9A9ACE56628967A2C167BAAB5157A9D53DB9C8AF86580DB1355F3C6C2F4EE071944039C516496EEB625F5D150F718E43DC8E594E1B366C88FDA927E7C3E03393ABD1A9AE520D3EF37B72915F0DB11A62ABB378886D80344F6C9D6EA53ABD7EB23881C71944E514E73EE41FE75D4FBD0EF7C60150E55A7528EAEFEFBFDAD8D8F841B99B27271A7CEE74622986C1677E4F2EF2AB2156436CD5160F7F9F9B98A34058D3D4D4F42713140FD78A3F573CBCB05CE2BF977FEE45DD140FE983F364B91B4C8A5A5A5A86E20CF2122D5BDD57CA2B17E1D9074243ACFC56BC11F21B933C1E7B7BAC4A14CF0ECABF560975593CC4B32AE2C8E94AD8B469D3D168742951F1F07E8A37A62B224C2E8A07A12156436C75140FB1CA3049F1508C786AE6E614D7AD3C94593CE4AADC0D2645070F1EFC3026FC12160FC5279DFD3855A5BF6F72A99DC127E573578A6F2A1E140F1A62EBAB61729AE2E1C6989FC686CFF53C94593C1DB3DC6F76D1F9F3E73F496F767F8996B77E93FF40C5BFA70FD4EAF13D152697EA1C7C72B742ED9A6AAB4B7E35C46A88AD8EFC2E5AB4E8B7D2EFF41FA7F85AFABDFE5E8AD6C22991FF92E267298EC4C14BD3140E6F363535FD4DFAB37BDD6D51664B962C29FB324F511C1F9ADEEC9139AE4EFBF30777985CAABB7818B7E7F94DC5436DE477A6BD4F1A62E77F7E6751148CA6F8A8F0EF3D295E29FCDCB2F8738D8D8D5F6D6E6EFEA3F4D9383AD1B8BE78F1E2BFCD8D0FCE79A8C49250A58C8D8D15DFF49114F1FCF55F47476DFAB01C4F5F0FA778AB70FFEE4F5352B6C576448A9753FCA8F0217B3AC5AAF4DA23D32D6DC5635353FC83C9A5668A879B2B11F922427EAB36BFFB521C8C93026D4BCDCFFC96BA2888BF6F869F8DEDF92D8AF8BBC63F64317F5746B96F00E8E8E818ABCB1326972E5D3A56C19587F35138C407217D907E2FC597E3C9644D4D4D7F993E605F4F89F8568AEFC6A49FA2298A8414ED29FE31FDB9F529FEA9504CFC78BAE221FD99F8405F31F8D456F1905F8988AB57F9ADDAFC9ECCE572CB648DCFF25BFAD8B973675689A26016AB52C5F17D5FFAE7FB27FA99D89E8E7E03CFB6286FCFC348A57A1E8686864E96AAE761B2469A68C84C1FEABF32F8CC5DCC60622F5BC8EFDC4C2E65281EDE9FA009EEB9F183B1FC9636E2C2315DAC6595280A66D12CBD3A150D6DD39D0994FE7F37E69FAA598ED587CECECEFA7DAAE6FAF5EB072A75B7456F6FEF9BA5B8DBA2A5A5E577C7DFBE933E6C9B26BA7A998BC127FDB51346B5BC5EE52B0F7DB1D45D1C58CA31B9D47A3EF371E5CA952C4D1EF13E5F285CD9BD9BE29DC252F24F0A57A73168AF296C212E8D25E414DF894927C59F2D59B2E40F172E5CF8DBD3E4F7DC14B7E23D59CEFC5A59AA4EA9B8F952FAAC0C173F3B3D3D3D733A7FEDD8B1E396623756CDEBAA78D8B061C3EB953AE761EDDAB53DA538E7218A84E2096451A58EDF0F2B47F130D5F7E6FBEB555A3CDC523494F3CAB4D6F339D1CA43BA3AFD9DF49EFF69FAFDFA8BF4F5AFD37BBF307D7D30AE4E63728FDFE3D8424C5FFF357DFD8F42F7FBCF0BDB1143B16598E26AE19FE37B47E2670A3FFBDA0C56958EC57F4FF1A07898669CB8D938192B2A0303037332779D3E7D3A8B2DFFDCE773E33DF5A6BDBDFDEB2B56AC18ABC0099323713C75294E988C331D52F25A6672D4B5E2A1EA8B878371653B59AE150FF3777289D5877475F607718516AB128B172FFE76619562E90C8A87CB293E533C281EA65985BE379AE3F3CD93710E43A9CF75686B6BFB3CDF8C3FD5056B4DEBE8E83857EE675B1C3A7428B62CDE9F0FCFB6503C5445F130E14A83E2A17A8A87C94C718A606C933C935F0E563C281E66D060797F7EFB220A8852AD40C48A43BE7088FFCE644D9C7561CD9A35EBBBBABAC6CA593CB4B6B6F6CC97A76A2A1E1C4FAD78A85C7E73DB8EF9DBAADB26EA5C573C281E6622CE80C81710B185113D1077B3C21E3D0EE3B62AAE4D776B71CD8B259765CB960D9F3871A22C85C3E1C3877B63D5A112B7B5281E140F8A87F995DFB81BAA78AC7CDC2E5889DF5F0DCFB5677C0151BC0BE3E8D1A3B3BE1D73EDDAB5E357C586EBBE70286A6B6B5BD8DEDE3E7AF1E2C5392D1C2E5FBE7C360D1603D33D9F5DF1A078503CD447F150E892BFCFEFAFDFDFB9D8C2C8F740E4B732E224CABEBEBE1BCFC2289E75145FA3A7210A8C3839327F00D4B895B1FB550D39CB972FFFCF4D9B365D99C3E6C9E1152B5644AFC3D65A9A5C5CB9D45FF1704F9DDCAA590FF9553CECAAE92741C6CA7AE12E8C91BB3C4726CE0DDA58B7CD91538966B4B6B6B6DEEEEEEEAB7350400C777676FE7B9CEB50C937DF9EA9C945C8AFE2A17E8A87FC0A57E1FC9F0F675934C4E99A9B1B1A1AFE5C95304D01B16CD9B2375F78E185CF2E5DBA54B2AD8A952B574683E41B953EBED3E4627211F2AB78A8BFE2213FC7159E85B1A170D8D9C9098A857D71C2693CABA2AE8E9C2EC59BBB64C9926DCB972FBF70ECD8B1EB77DB1C59E871D83A1F967B4C2E261721BF8A87FA2D1E2883686A6C6E6E1E5CB76EDDA95444CC662B63A4AFAF6F7BF45014CEAC5F607231B9C8AFFC2A1E140FD489C2895D6D0D0D0DBF7CF8E187CF7775751DDDBF7FFF0767CF9E1D1A1D1DBDF974CC78C8D5CE9D3B7BE3C8E93839B250343C39DF967C4C2E261721BF1A9E150F947725E26BF1009C5448BC5EB8FDA5D8BD1A5FFBA3A721F689E2C8E9729F1C697231B9C8AFFC0AC503187C0C3EF22BBFF2AB7800838FC1477EE5577EE517140F061F938BFCCAAFFC82E241985C84FCCA2F60F031B908F9158A0730F8187CE4577E85E2010C3E061FF9955FF9553C80E2C1E023BFF22BBFF20B8A076172915FF9955FA8177BF6EC3160943646D2E0734D7EE557F1A078809A75E0C08133434343068D12C5E0E0E04FD2E0D32FBFF2AB78503C40CDDABB77EFDFBDF5D65B9F7EFCF1C7970D1C7777451A13CBEEDDBB3F48F17DF9955FC583E2016A5A1A0C1F48BF307DB11C1BBF38E28E22DEBBFEF934B1C86FEDE757F1A0780000C583E20100E68E86D8DA6E88058092D3105BDB0DB10050721A626BBB211600E68486D8DA6E7806000000000000000000000000000000000080B2FB7FC3DBF335F2B944800000000049454E44AE426082, 1);
INSERT INTO `act_ge_bytearray` VALUES ('20019', 1, 'hist.var-apply', NULL, 0xACED000573720014636F6D2E647265616D2E6265616E2E4170706C79000000000000000102000B4C00076170706C7949647400134C6A6176612F6C616E672F496E74656765723B4C00096170706C79646174657400124C6A6176612F6C616E672F537472696E673B4C00046461797371007E00014C0007656E646461746571007E00024C0008657863757465496471007E00014C0002696471007E00014C001170726F63657373496E7374616E6365496471007E00024C000672656D61726B71007E00024C000973746172746461746571007E00024C000673746174757371007E00024C00047479706571007E00027870737200116A6176612E6C616E672E496E746567657212E2A0A4F781873802000149000576616C7565787200106A6176612E6C616E672E4E756D62657286AC951D0B94E08B02000078700000000A740013323031382D31312D32312032323A32313A31347371007E00040000000474000A323031382D31312D32337371007E0004000000017371007E00040000002B70740018E68891E683B3E587BAE58EBBE78EA9EFBC81EFBC81EFBC8174000A323031382D31312D3139740009E5AEA1E689B9E4B8AD740006E4BA8BE58187, NULL);
INSERT INTO `act_ge_bytearray` VALUES ('20038', 1, 'hist.var-apply', NULL, 0xACED000573720014636F6D2E647265616D2E6265616E2E4170706C79000000000000000102000B4C00076170706C7949647400134C6A6176612F6C616E672F496E74656765723B4C00096170706C79646174657400124C6A6176612F6C616E672F537472696E673B4C00046461797371007E00014C0007656E646461746571007E00024C0008657863757465496471007E00014C0002696471007E00014C001170726F63657373496E7374616E6365496471007E00024C000672656D61726B71007E00024C000973746172746461746571007E00024C000673746174757371007E00024C00047479706571007E00027870737200116A6176612E6C616E672E496E746567657212E2A0A4F781873802000149000576616C7565787200106A6176612E6C616E672E4E756D62657286AC951D0B94E08B020000787000000004740013323031382D31312D32312032323A33383A353071007E000674000A323031382D31312D32337371007E0004000000017371007E00040000002C70740016E59B9EE5AEB6E59083E58FB7E59083E79A84E5958A7E74000A323031382D31312D3139740009E5AEA1E689B9E4B8AD740006E5A99AE58187, NULL);
INSERT INTO `act_ge_bytearray` VALUES ('20053', 1, 'hist.var-apply', NULL, 0xACED000573720014636F6D2E647265616D2E6265616E2E4170706C79000000000000000102000B4C00076170706C7949647400134C6A6176612F6C616E672F496E74656765723B4C00096170706C79646174657400124C6A6176612F6C616E672F537472696E673B4C00046461797371007E00014C0007656E646461746571007E00024C0008657863757465496471007E00014C0002696471007E00014C001170726F63657373496E7374616E6365496471007E00024C000672656D61726B71007E00024C000973746172746461746571007E00024C000673746174757371007E00024C00047479706571007E00027870737200116A6176612E6C616E672E496E746567657212E2A0A4F781873802000149000576616C7565787200106A6176612E6C616E672E4E756D62657286AC951D0B94E08B02000078700000000A740013323031382D31312D32312032323A33393A31397371007E00040000000574000A323031382D31312D32337371007E0004000000017371007E00040000002D707400136173696F646A61736A6461736C64617364617374000A323031382D31312D3139740009E5AEA1E689B9E4B8AD740006E4BA8BE58187, NULL);

-- ----------------------------
-- Table structure for act_ge_property
-- ----------------------------
DROP TABLE IF EXISTS `act_ge_property`;
CREATE TABLE `act_ge_property`  (
  `NAME_` varchar(64) CHARACTER SET utf8 COLLATE utf8_bin NOT NULL DEFAULT '',
  `VALUE_` varchar(300) CHARACTER SET utf8 COLLATE utf8_bin DEFAULT NULL,
  `REV_` int(11) DEFAULT NULL,
  PRIMARY KEY (`NAME_`) USING BTREE
) ENGINE = InnoDB CHARACTER SET = utf8 COLLATE = utf8_bin ROW_FORMAT = Compact;

-- ----------------------------
-- Records of act_ge_property
-- ----------------------------
INSERT INTO `act_ge_property` VALUES ('next.dbid', '25001', 11);
INSERT INTO `act_ge_property` VALUES ('schema.history', 'create(5.22.0.0)', 1);
INSERT INTO `act_ge_property` VALUES ('schema.version', '5.22.0.0', 1);

-- ----------------------------
-- Table structure for act_hi_actinst
-- ----------------------------
DROP TABLE IF EXISTS `act_hi_actinst`;
CREATE TABLE `act_hi_actinst`  (
  `ID_` varchar(64) CHARACTER SET utf8 COLLATE utf8_bin NOT NULL,
  `PROC_DEF_ID_` varchar(64) CHARACTER SET utf8 COLLATE utf8_bin NOT NULL,
  `PROC_INST_ID_` varchar(64) CHARACTER SET utf8 COLLATE utf8_bin NOT NULL,
  `EXECUTION_ID_` varchar(64) CHARACTER SET utf8 COLLATE utf8_bin NOT NULL,
  `ACT_ID_` varchar(255) CHARACTER SET utf8 COLLATE utf8_bin NOT NULL,
  `TASK_ID_` varchar(64) CHARACTER SET utf8 COLLATE utf8_bin DEFAULT NULL,
  `CALL_PROC_INST_ID_` varchar(64) CHARACTER SET utf8 COLLATE utf8_bin DEFAULT NULL,
  `ACT_NAME_` varchar(255) CHARACTER SET utf8 COLLATE utf8_bin DEFAULT NULL,
  `ACT_TYPE_` varchar(255) CHARACTER SET utf8 COLLATE utf8_bin NOT NULL,
  `ASSIGNEE_` varchar(255) CHARACTER SET utf8 COLLATE utf8_bin DEFAULT NULL,
  `START_TIME_` datetime(3) NOT NULL,
  `END_TIME_` datetime(3) DEFAULT NULL,
  `DURATION_` bigint(20) DEFAULT NULL,
  `TENANT_ID_` varchar(255) CHARACTER SET utf8 COLLATE utf8_bin DEFAULT '',
  PRIMARY KEY (`ID_`) USING BTREE,
  INDEX `ACT_IDX_HI_ACT_INST_START`(`START_TIME_`) USING BTREE,
  INDEX `ACT_IDX_HI_ACT_INST_END`(`END_TIME_`) USING BTREE,
  INDEX `ACT_IDX_HI_ACT_INST_PROCINST`(`PROC_INST_ID_`, `ACT_ID_`) USING BTREE,
  INDEX `ACT_IDX_HI_ACT_INST_EXEC`(`EXECUTION_ID_`, `ACT_ID_`) USING BTREE
) ENGINE = InnoDB CHARACTER SET = utf8 COLLATE = utf8_bin ROW_FORMAT = Compact;

-- ----------------------------
-- Records of act_hi_actinst
-- ----------------------------
INSERT INTO `act_hi_actinst` VALUES ('20013', 'leaveProcess:1:20011', '20012', '20012', '_2', NULL, NULL, 'StartEvent', 'startEvent', NULL, '2018-11-21 22:21:14.662', '2018-11-21 22:21:14.665', 3, '');
INSERT INTO `act_hi_actinst` VALUES ('20021', 'leaveProcess:1:20011', '20012', '20012', '_3', '20022', NULL, '学生请假申请', 'userTask', '刘德华', '2018-11-21 22:21:14.665', '2018-11-21 22:21:14.855', 190, '');
INSERT INTO `act_hi_actinst` VALUES ('20024', 'leaveProcess:1:20011', '20012', '20012', '_4', '20025', NULL, '班主任审批', 'userTask', '沈志龙', '2018-11-21 22:21:14.856', '2018-11-21 22:21:30.470', 15614, '');
INSERT INTO `act_hi_actinst` VALUES ('20027', 'leaveProcess:1:20011', '20012', '20012', '_5', '20028', NULL, '辅导员审审批', 'userTask', '张学友', '2018-11-21 22:21:30.471', '2018-11-21 22:21:54.325', 23854, '');
INSERT INTO `act_hi_actinst` VALUES ('20030', 'leaveProcess:1:20011', '20012', '20012', '_6', NULL, NULL, 'EndEvent', 'endEvent', NULL, '2018-11-21 22:21:54.325', '2018-11-21 22:21:54.325', 0, '');
INSERT INTO `act_hi_actinst` VALUES ('20032', 'leaveProcess:1:20011', '20031', '20031', '_2', NULL, NULL, 'StartEvent', 'startEvent', NULL, '2018-11-21 22:38:50.629', '2018-11-21 22:38:50.631', 2, '');
INSERT INTO `act_hi_actinst` VALUES ('20040', 'leaveProcess:1:20011', '20031', '20031', '_3', '20041', NULL, '学生请假申请', 'userTask', '谢霆锋', '2018-11-21 22:38:50.631', '2018-11-21 22:38:50.847', 216, '');
INSERT INTO `act_hi_actinst` VALUES ('20043', 'leaveProcess:1:20011', '20031', '20031', '_4', '20044', NULL, '班主任审批', 'userTask', '沈志龙', '2018-11-21 22:38:50.847', '2018-11-21 22:44:05.004', 314157, '');
INSERT INTO `act_hi_actinst` VALUES ('20047', 'leaveProcess:1:20011', '20046', '20046', '_2', NULL, NULL, 'StartEvent', 'startEvent', NULL, '2018-11-21 22:39:20.008', '2018-11-21 22:39:20.010', 2, '');
INSERT INTO `act_hi_actinst` VALUES ('20055', 'leaveProcess:1:20011', '20046', '20046', '_3', '20056', NULL, '学生请假申请', 'userTask', '刘德华', '2018-11-21 22:39:20.010', '2018-11-21 22:39:20.262', 252, '');
INSERT INTO `act_hi_actinst` VALUES ('20058', 'leaveProcess:1:20011', '20046', '20046', '_4', '20059', NULL, '班主任审批', 'userTask', '沈志龙', '2018-11-21 22:39:20.262', '2018-11-21 22:43:53.238', 272976, '');
INSERT INTO `act_hi_actinst` VALUES ('22501', 'leaveProcess:1:20011', '20046', '20046', '_5', '22502', NULL, '辅导员审审批', 'userTask', '张学友', '2018-11-21 22:43:53.296', '2018-11-21 22:44:40.896', 47600, '');
INSERT INTO `act_hi_actinst` VALUES ('22504', 'leaveProcess:1:20011', '20031', '20031', '_5', '22505', NULL, '辅导员审审批', 'userTask', '张学友', '2018-11-21 22:44:05.005', '2018-11-21 22:44:34.181', 29176, '');
INSERT INTO `act_hi_actinst` VALUES ('22507', 'leaveProcess:1:20011', '20031', '20031', '_6', NULL, NULL, 'EndEvent', 'endEvent', NULL, '2018-11-21 22:44:34.182', '2018-11-21 22:44:34.182', 0, '');
INSERT INTO `act_hi_actinst` VALUES ('22508', 'leaveProcess:1:20011', '20046', '20046', '_6', NULL, NULL, 'EndEvent', 'endEvent', NULL, '2018-11-21 22:44:40.896', '2018-11-21 22:44:40.896', 0, '');

-- ----------------------------
-- Table structure for act_hi_attachment
-- ----------------------------
DROP TABLE IF EXISTS `act_hi_attachment`;
CREATE TABLE `act_hi_attachment`  (
  `ID_` varchar(64) CHARACTER SET utf8 COLLATE utf8_bin NOT NULL,
  `REV_` int(11) DEFAULT NULL,
  `USER_ID_` varchar(255) CHARACTER SET utf8 COLLATE utf8_bin DEFAULT NULL,
  `NAME_` varchar(255) CHARACTER SET utf8 COLLATE utf8_bin DEFAULT NULL,
  `DESCRIPTION_` varchar(4000) CHARACTER SET utf8 COLLATE utf8_bin DEFAULT NULL,
  `TYPE_` varchar(255) CHARACTER SET utf8 COLLATE utf8_bin DEFAULT NULL,
  `TASK_ID_` varchar(64) CHARACTER SET utf8 COLLATE utf8_bin DEFAULT NULL,
  `PROC_INST_ID_` varchar(64) CHARACTER SET utf8 COLLATE utf8_bin DEFAULT NULL,
  `URL_` varchar(4000) CHARACTER SET utf8 COLLATE utf8_bin DEFAULT NULL,
  `CONTENT_ID_` varchar(64) CHARACTER SET utf8 COLLATE utf8_bin DEFAULT NULL,
  `TIME_` datetime(3) DEFAULT NULL,
  PRIMARY KEY (`ID_`) USING BTREE
) ENGINE = InnoDB CHARACTER SET = utf8 COLLATE = utf8_bin ROW_FORMAT = Compact;

-- ----------------------------
-- Table structure for act_hi_comment
-- ----------------------------
DROP TABLE IF EXISTS `act_hi_comment`;
CREATE TABLE `act_hi_comment`  (
  `ID_` varchar(64) CHARACTER SET utf8 COLLATE utf8_bin NOT NULL,
  `TYPE_` varchar(255) CHARACTER SET utf8 COLLATE utf8_bin DEFAULT NULL,
  `TIME_` datetime(3) NOT NULL,
  `USER_ID_` varchar(255) CHARACTER SET utf8 COLLATE utf8_bin DEFAULT NULL,
  `TASK_ID_` varchar(64) CHARACTER SET utf8 COLLATE utf8_bin DEFAULT NULL,
  `PROC_INST_ID_` varchar(64) CHARACTER SET utf8 COLLATE utf8_bin DEFAULT NULL,
  `ACTION_` varchar(255) CHARACTER SET utf8 COLLATE utf8_bin DEFAULT NULL,
  `MESSAGE_` varchar(4000) CHARACTER SET utf8 COLLATE utf8_bin DEFAULT NULL,
  `FULL_MSG_` longblob,
  PRIMARY KEY (`ID_`) USING BTREE
) ENGINE = InnoDB CHARACTER SET = utf8 COLLATE = utf8_bin ROW_FORMAT = Compact;

-- ----------------------------
-- Table structure for act_hi_detail
-- ----------------------------
DROP TABLE IF EXISTS `act_hi_detail`;
CREATE TABLE `act_hi_detail`  (
  `ID_` varchar(64) CHARACTER SET utf8 COLLATE utf8_bin NOT NULL,
  `TYPE_` varchar(255) CHARACTER SET utf8 COLLATE utf8_bin NOT NULL,
  `PROC_INST_ID_` varchar(64) CHARACTER SET utf8 COLLATE utf8_bin DEFAULT NULL,
  `EXECUTION_ID_` varchar(64) CHARACTER SET utf8 COLLATE utf8_bin DEFAULT NULL,
  `TASK_ID_` varchar(64) CHARACTER SET utf8 COLLATE utf8_bin DEFAULT NULL,
  `ACT_INST_ID_` varchar(64) CHARACTER SET utf8 COLLATE utf8_bin DEFAULT NULL,
  `NAME_` varchar(255) CHARACTER SET utf8 COLLATE utf8_bin NOT NULL,
  `VAR_TYPE_` varchar(255) CHARACTER SET utf8 COLLATE utf8_bin DEFAULT NULL,
  `REV_` int(11) DEFAULT NULL,
  `TIME_` datetime(3) NOT NULL,
  `BYTEARRAY_ID_` varchar(64) CHARACTER SET utf8 COLLATE utf8_bin DEFAULT NULL,
  `DOUBLE_` double DEFAULT NULL,
  `LONG_` bigint(20) DEFAULT NULL,
  `TEXT_` varchar(4000) CHARACTER SET utf8 COLLATE utf8_bin DEFAULT NULL,
  `TEXT2_` varchar(4000) CHARACTER SET utf8 COLLATE utf8_bin DEFAULT NULL,
  PRIMARY KEY (`ID_`) USING BTREE,
  INDEX `ACT_IDX_HI_DETAIL_PROC_INST`(`PROC_INST_ID_`) USING BTREE,
  INDEX `ACT_IDX_HI_DETAIL_ACT_INST`(`ACT_INST_ID_`) USING BTREE,
  INDEX `ACT_IDX_HI_DETAIL_TIME`(`TIME_`) USING BTREE,
  INDEX `ACT_IDX_HI_DETAIL_NAME`(`NAME_`) USING BTREE,
  INDEX `ACT_IDX_HI_DETAIL_TASK_ID`(`TASK_ID_`) USING BTREE
) ENGINE = InnoDB CHARACTER SET = utf8 COLLATE = utf8_bin ROW_FORMAT = Compact;

-- ----------------------------
-- Table structure for act_hi_identitylink
-- ----------------------------
DROP TABLE IF EXISTS `act_hi_identitylink`;
CREATE TABLE `act_hi_identitylink`  (
  `ID_` varchar(64) CHARACTER SET utf8 COLLATE utf8_bin NOT NULL DEFAULT '',
  `GROUP_ID_` varchar(255) CHARACTER SET utf8 COLLATE utf8_bin DEFAULT NULL,
  `TYPE_` varchar(255) CHARACTER SET utf8 COLLATE utf8_bin DEFAULT NULL,
  `USER_ID_` varchar(255) CHARACTER SET utf8 COLLATE utf8_bin DEFAULT NULL,
  `TASK_ID_` varchar(64) CHARACTER SET utf8 COLLATE utf8_bin DEFAULT NULL,
  `PROC_INST_ID_` varchar(64) CHARACTER SET utf8 COLLATE utf8_bin DEFAULT NULL,
  PRIMARY KEY (`ID_`) USING BTREE,
  INDEX `ACT_IDX_HI_IDENT_LNK_USER`(`USER_ID_`) USING BTREE,
  INDEX `ACT_IDX_HI_IDENT_LNK_TASK`(`TASK_ID_`) USING BTREE,
  INDEX `ACT_IDX_HI_IDENT_LNK_PROCINST`(`PROC_INST_ID_`) USING BTREE
) ENGINE = InnoDB CHARACTER SET = utf8 COLLATE = utf8_bin ROW_FORMAT = Compact;

-- ----------------------------
-- Records of act_hi_identitylink
-- ----------------------------
INSERT INTO `act_hi_identitylink` VALUES ('20023', NULL, 'participant', '刘德华', NULL, '20012');
INSERT INTO `act_hi_identitylink` VALUES ('20026', NULL, 'participant', '沈志龙', NULL, '20012');
INSERT INTO `act_hi_identitylink` VALUES ('20029', NULL, 'participant', '张学友', NULL, '20012');
INSERT INTO `act_hi_identitylink` VALUES ('20042', NULL, 'participant', '谢霆锋', NULL, '20031');
INSERT INTO `act_hi_identitylink` VALUES ('20045', NULL, 'participant', '沈志龙', NULL, '20031');
INSERT INTO `act_hi_identitylink` VALUES ('20057', NULL, 'participant', '刘德华', NULL, '20046');
INSERT INTO `act_hi_identitylink` VALUES ('20060', NULL, 'participant', '沈志龙', NULL, '20046');
INSERT INTO `act_hi_identitylink` VALUES ('22503', NULL, 'participant', '张学友', NULL, '20046');
INSERT INTO `act_hi_identitylink` VALUES ('22506', NULL, 'participant', '张学友', NULL, '20031');

-- ----------------------------
-- Table structure for act_hi_procinst
-- ----------------------------
DROP TABLE IF EXISTS `act_hi_procinst`;
CREATE TABLE `act_hi_procinst`  (
  `ID_` varchar(64) CHARACTER SET utf8 COLLATE utf8_bin NOT NULL,
  `PROC_INST_ID_` varchar(64) CHARACTER SET utf8 COLLATE utf8_bin NOT NULL,
  `BUSINESS_KEY_` varchar(255) CHARACTER SET utf8 COLLATE utf8_bin DEFAULT NULL,
  `PROC_DEF_ID_` varchar(64) CHARACTER SET utf8 COLLATE utf8_bin NOT NULL,
  `START_TIME_` datetime(3) NOT NULL,
  `END_TIME_` datetime(3) DEFAULT NULL,
  `DURATION_` bigint(20) DEFAULT NULL,
  `START_USER_ID_` varchar(255) CHARACTER SET utf8 COLLATE utf8_bin DEFAULT NULL,
  `START_ACT_ID_` varchar(255) CHARACTER SET utf8 COLLATE utf8_bin DEFAULT NULL,
  `END_ACT_ID_` varchar(255) CHARACTER SET utf8 COLLATE utf8_bin DEFAULT NULL,
  `SUPER_PROCESS_INSTANCE_ID_` varchar(64) CHARACTER SET utf8 COLLATE utf8_bin DEFAULT NULL,
  `DELETE_REASON_` varchar(4000) CHARACTER SET utf8 COLLATE utf8_bin DEFAULT NULL,
  `TENANT_ID_` varchar(255) CHARACTER SET utf8 COLLATE utf8_bin DEFAULT '',
  `NAME_` varchar(255) CHARACTER SET utf8 COLLATE utf8_bin DEFAULT NULL,
  PRIMARY KEY (`ID_`) USING BTREE,
  UNIQUE INDEX `PROC_INST_ID_`(`PROC_INST_ID_`) USING BTREE,
  INDEX `ACT_IDX_HI_PRO_INST_END`(`END_TIME_`) USING BTREE,
  INDEX `ACT_IDX_HI_PRO_I_BUSKEY`(`BUSINESS_KEY_`) USING BTREE
) ENGINE = InnoDB CHARACTER SET = utf8 COLLATE = utf8_bin ROW_FORMAT = Compact;

-- ----------------------------
-- Records of act_hi_procinst
-- ----------------------------
INSERT INTO `act_hi_procinst` VALUES ('20012', '20012', NULL, 'leaveProcess:1:20011', '2018-11-21 22:21:14.662', '2018-11-21 22:21:54.326', 39664, NULL, '_2', '_6', NULL, NULL, '', NULL);
INSERT INTO `act_hi_procinst` VALUES ('20031', '20031', NULL, 'leaveProcess:1:20011', '2018-11-21 22:38:50.629', '2018-11-21 22:44:34.185', 343556, NULL, '_2', '_6', NULL, NULL, '', NULL);
INSERT INTO `act_hi_procinst` VALUES ('20046', '20046', NULL, 'leaveProcess:1:20011', '2018-11-21 22:39:20.008', '2018-11-21 22:44:40.897', 320889, NULL, '_2', '_6', NULL, NULL, '', NULL);

-- ----------------------------
-- Table structure for act_hi_taskinst
-- ----------------------------
DROP TABLE IF EXISTS `act_hi_taskinst`;
CREATE TABLE `act_hi_taskinst`  (
  `ID_` varchar(64) CHARACTER SET utf8 COLLATE utf8_bin NOT NULL,
  `PROC_DEF_ID_` varchar(64) CHARACTER SET utf8 COLLATE utf8_bin DEFAULT NULL,
  `TASK_DEF_KEY_` varchar(255) CHARACTER SET utf8 COLLATE utf8_bin DEFAULT NULL,
  `PROC_INST_ID_` varchar(64) CHARACTER SET utf8 COLLATE utf8_bin DEFAULT NULL,
  `EXECUTION_ID_` varchar(64) CHARACTER SET utf8 COLLATE utf8_bin DEFAULT NULL,
  `NAME_` varchar(255) CHARACTER SET utf8 COLLATE utf8_bin DEFAULT NULL,
  `PARENT_TASK_ID_` varchar(64) CHARACTER SET utf8 COLLATE utf8_bin DEFAULT NULL,
  `DESCRIPTION_` varchar(4000) CHARACTER SET utf8 COLLATE utf8_bin DEFAULT NULL,
  `OWNER_` varchar(255) CHARACTER SET utf8 COLLATE utf8_bin DEFAULT NULL,
  `ASSIGNEE_` varchar(255) CHARACTER SET utf8 COLLATE utf8_bin DEFAULT NULL,
  `START_TIME_` datetime(3) NOT NULL,
  `CLAIM_TIME_` datetime(3) DEFAULT NULL,
  `END_TIME_` datetime(3) DEFAULT NULL,
  `DURATION_` bigint(20) DEFAULT NULL,
  `DELETE_REASON_` varchar(4000) CHARACTER SET utf8 COLLATE utf8_bin DEFAULT NULL,
  `PRIORITY_` int(11) DEFAULT NULL,
  `DUE_DATE_` datetime(3) DEFAULT NULL,
  `FORM_KEY_` varchar(255) CHARACTER SET utf8 COLLATE utf8_bin DEFAULT NULL,
  `CATEGORY_` varchar(255) CHARACTER SET utf8 COLLATE utf8_bin DEFAULT NULL,
  `TENANT_ID_` varchar(255) CHARACTER SET utf8 COLLATE utf8_bin DEFAULT '',
  PRIMARY KEY (`ID_`) USING BTREE,
  INDEX `ACT_IDX_HI_TASK_INST_PROCINST`(`PROC_INST_ID_`) USING BTREE
) ENGINE = InnoDB CHARACTER SET = utf8 COLLATE = utf8_bin ROW_FORMAT = Compact;

-- ----------------------------
-- Records of act_hi_taskinst
-- ----------------------------
INSERT INTO `act_hi_taskinst` VALUES ('20022', 'leaveProcess:1:20011', '_3', '20012', '20012', '学生请假申请', NULL, NULL, NULL, '刘德华', '2018-11-21 22:21:14.665', NULL, '2018-11-21 22:21:14.850', 185, 'completed', 50, NULL, NULL, NULL, '');
INSERT INTO `act_hi_taskinst` VALUES ('20025', 'leaveProcess:1:20011', '_4', '20012', '20012', '班主任审批', NULL, NULL, NULL, '沈志龙', '2018-11-21 22:21:14.856', NULL, '2018-11-21 22:21:30.466', 15610, 'completed', 50, NULL, NULL, NULL, '');
INSERT INTO `act_hi_taskinst` VALUES ('20028', 'leaveProcess:1:20011', '_5', '20012', '20012', '辅导员审审批', NULL, NULL, NULL, '张学友', '2018-11-21 22:21:30.471', NULL, '2018-11-21 22:21:54.322', 23851, 'completed', 50, NULL, NULL, NULL, '');
INSERT INTO `act_hi_taskinst` VALUES ('20041', 'leaveProcess:1:20011', '_3', '20031', '20031', '学生请假申请', NULL, NULL, NULL, '谢霆锋', '2018-11-21 22:38:50.632', NULL, '2018-11-21 22:38:50.832', 200, 'completed', 50, NULL, NULL, NULL, '');
INSERT INTO `act_hi_taskinst` VALUES ('20044', 'leaveProcess:1:20011', '_4', '20031', '20031', '班主任审批', NULL, NULL, NULL, '沈志龙', '2018-11-21 22:38:50.847', NULL, '2018-11-21 22:44:04.999', 314152, 'completed', 50, NULL, NULL, NULL, '');
INSERT INTO `act_hi_taskinst` VALUES ('20056', 'leaveProcess:1:20011', '_3', '20046', '20046', '学生请假申请', NULL, NULL, NULL, '刘德华', '2018-11-21 22:39:20.012', NULL, '2018-11-21 22:39:20.256', 244, 'completed', 50, NULL, NULL, NULL, '');
INSERT INTO `act_hi_taskinst` VALUES ('20059', 'leaveProcess:1:20011', '_4', '20046', '20046', '班主任审批', NULL, NULL, NULL, '沈志龙', '2018-11-21 22:39:20.263', NULL, '2018-11-21 22:43:53.206', 272943, 'completed', 50, NULL, NULL, NULL, '');
INSERT INTO `act_hi_taskinst` VALUES ('22502', 'leaveProcess:1:20011', '_5', '20046', '20046', '辅导员审审批', NULL, NULL, NULL, '张学友', '2018-11-21 22:43:53.297', NULL, '2018-11-21 22:44:40.887', 47590, 'completed', 50, NULL, NULL, NULL, '');
INSERT INTO `act_hi_taskinst` VALUES ('22505', 'leaveProcess:1:20011', '_5', '20031', '20031', '辅导员审审批', NULL, NULL, NULL, '张学友', '2018-11-21 22:44:05.005', NULL, '2018-11-21 22:44:34.176', 29171, 'completed', 50, NULL, NULL, NULL, '');

-- ----------------------------
-- Table structure for act_hi_varinst
-- ----------------------------
DROP TABLE IF EXISTS `act_hi_varinst`;
CREATE TABLE `act_hi_varinst`  (
  `ID_` varchar(64) CHARACTER SET utf8 COLLATE utf8_bin NOT NULL,
  `PROC_INST_ID_` varchar(64) CHARACTER SET utf8 COLLATE utf8_bin DEFAULT NULL,
  `EXECUTION_ID_` varchar(64) CHARACTER SET utf8 COLLATE utf8_bin DEFAULT NULL,
  `TASK_ID_` varchar(64) CHARACTER SET utf8 COLLATE utf8_bin DEFAULT NULL,
  `NAME_` varchar(255) CHARACTER SET utf8 COLLATE utf8_bin NOT NULL,
  `VAR_TYPE_` varchar(100) CHARACTER SET utf8 COLLATE utf8_bin DEFAULT NULL,
  `REV_` int(11) DEFAULT NULL,
  `BYTEARRAY_ID_` varchar(64) CHARACTER SET utf8 COLLATE utf8_bin DEFAULT NULL,
  `DOUBLE_` double DEFAULT NULL,
  `LONG_` bigint(20) DEFAULT NULL,
  `TEXT_` varchar(4000) CHARACTER SET utf8 COLLATE utf8_bin DEFAULT NULL,
  `TEXT2_` varchar(4000) CHARACTER SET utf8 COLLATE utf8_bin DEFAULT NULL,
  `CREATE_TIME_` datetime(3) DEFAULT NULL,
  `LAST_UPDATED_TIME_` datetime(3) DEFAULT NULL,
  PRIMARY KEY (`ID_`) USING BTREE,
  INDEX `ACT_IDX_HI_PROCVAR_PROC_INST`(`PROC_INST_ID_`) USING BTREE,
  INDEX `ACT_IDX_HI_PROCVAR_NAME_TYPE`(`NAME_`, `VAR_TYPE_`) USING BTREE,
  INDEX `ACT_IDX_HI_PROCVAR_TASK_ID`(`TASK_ID_`) USING BTREE
) ENGINE = InnoDB CHARACTER SET = utf8 COLLATE = utf8_bin ROW_FORMAT = Compact;

-- ----------------------------
-- Records of act_hi_varinst
-- ----------------------------
INSERT INTO `act_hi_varinst` VALUES ('20014', '20012', '20012', NULL, 'applyId', 'integer', 1, NULL, NULL, 43, '43', NULL, '2018-11-21 22:21:14.662', '2018-11-21 22:21:54.337');
INSERT INTO `act_hi_varinst` VALUES ('20015', '20012', '20012', NULL, 'banzhuren', 'string', 1, NULL, NULL, NULL, '沈志龙', NULL, '2018-11-21 22:21:14.662', '2018-11-21 22:21:54.337');
INSERT INTO `act_hi_varinst` VALUES ('20016', '20012', '20012', NULL, 'uname', 'string', 1, NULL, NULL, NULL, '刘德华', NULL, '2018-11-21 22:21:14.663', '2018-11-21 22:21:54.337');
INSERT INTO `act_hi_varinst` VALUES ('20018', '20012', '20012', NULL, 'apply', 'serializable', 1, '20019', NULL, NULL, NULL, NULL, '2018-11-21 22:21:14.663', '2018-11-21 22:21:54.337');
INSERT INTO `act_hi_varinst` VALUES ('20020', '20012', '20012', NULL, 'fudaoyuan', 'string', 1, NULL, NULL, NULL, '张学友', NULL, '2018-11-21 22:21:14.663', '2018-11-21 22:21:54.338');
INSERT INTO `act_hi_varinst` VALUES ('20033', '20031', '20031', NULL, 'applyId', 'integer', 1, NULL, NULL, 44, '44', NULL, '2018-11-21 22:38:50.629', '2018-11-21 22:44:34.215');
INSERT INTO `act_hi_varinst` VALUES ('20034', '20031', '20031', NULL, 'banzhuren', 'string', 1, NULL, NULL, NULL, '沈志龙', NULL, '2018-11-21 22:38:50.630', '2018-11-21 22:44:34.215');
INSERT INTO `act_hi_varinst` VALUES ('20035', '20031', '20031', NULL, 'uname', 'string', 1, NULL, NULL, NULL, '谢霆锋', NULL, '2018-11-21 22:38:50.630', '2018-11-21 22:44:34.216');
INSERT INTO `act_hi_varinst` VALUES ('20037', '20031', '20031', NULL, 'apply', 'serializable', 1, '20038', NULL, NULL, NULL, NULL, '2018-11-21 22:38:50.630', '2018-11-21 22:44:34.216');
INSERT INTO `act_hi_varinst` VALUES ('20039', '20031', '20031', NULL, 'fudaoyuan', 'string', 1, NULL, NULL, NULL, '张学友', NULL, '2018-11-21 22:38:50.630', '2018-11-21 22:44:34.216');
INSERT INTO `act_hi_varinst` VALUES ('20048', '20046', '20046', NULL, 'applyId', 'integer', 1, NULL, NULL, 45, '45', NULL, '2018-11-21 22:39:20.008', '2018-11-21 22:44:40.912');
INSERT INTO `act_hi_varinst` VALUES ('20049', '20046', '20046', NULL, 'banzhuren', 'string', 1, NULL, NULL, NULL, '沈志龙', NULL, '2018-11-21 22:39:20.009', '2018-11-21 22:44:40.912');
INSERT INTO `act_hi_varinst` VALUES ('20050', '20046', '20046', NULL, 'uname', 'string', 1, NULL, NULL, NULL, '刘德华', NULL, '2018-11-21 22:39:20.009', '2018-11-21 22:44:40.912');
INSERT INTO `act_hi_varinst` VALUES ('20052', '20046', '20046', NULL, 'apply', 'serializable', 1, '20053', NULL, NULL, NULL, NULL, '2018-11-21 22:39:20.009', '2018-11-21 22:44:40.912');
INSERT INTO `act_hi_varinst` VALUES ('20054', '20046', '20046', NULL, 'fudaoyuan', 'string', 1, NULL, NULL, NULL, '张学友', NULL, '2018-11-21 22:39:20.009', '2018-11-21 22:44:40.913');

-- ----------------------------
-- Table structure for act_id_group
-- ----------------------------
DROP TABLE IF EXISTS `act_id_group`;
CREATE TABLE `act_id_group`  (
  `ID_` varchar(64) CHARACTER SET utf8 COLLATE utf8_bin NOT NULL DEFAULT '',
  `REV_` int(11) DEFAULT NULL,
  `NAME_` varchar(255) CHARACTER SET utf8 COLLATE utf8_bin DEFAULT NULL,
  `TYPE_` varchar(255) CHARACTER SET utf8 COLLATE utf8_bin DEFAULT NULL,
  PRIMARY KEY (`ID_`) USING BTREE
) ENGINE = InnoDB CHARACTER SET = utf8 COLLATE = utf8_bin ROW_FORMAT = Compact;

-- ----------------------------
-- Table structure for act_id_info
-- ----------------------------
DROP TABLE IF EXISTS `act_id_info`;
CREATE TABLE `act_id_info`  (
  `ID_` varchar(64) CHARACTER SET utf8 COLLATE utf8_bin NOT NULL DEFAULT '',
  `REV_` int(11) DEFAULT NULL,
  `USER_ID_` varchar(64) CHARACTER SET utf8 COLLATE utf8_bin DEFAULT NULL,
  `TYPE_` varchar(64) CHARACTER SET utf8 COLLATE utf8_bin DEFAULT NULL,
  `KEY_` varchar(255) CHARACTER SET utf8 COLLATE utf8_bin DEFAULT NULL,
  `VALUE_` varchar(255) CHARACTER SET utf8 COLLATE utf8_bin DEFAULT NULL,
  `PASSWORD_` longblob,
  `PARENT_ID_` varchar(255) CHARACTER SET utf8 COLLATE utf8_bin DEFAULT NULL,
  PRIMARY KEY (`ID_`) USING BTREE
) ENGINE = InnoDB CHARACTER SET = utf8 COLLATE = utf8_bin ROW_FORMAT = Compact;

-- ----------------------------
-- Table structure for act_id_membership
-- ----------------------------
DROP TABLE IF EXISTS `act_id_membership`;
CREATE TABLE `act_id_membership`  (
  `USER_ID_` varchar(64) CHARACTER SET utf8 COLLATE utf8_bin NOT NULL DEFAULT '',
  `GROUP_ID_` varchar(64) CHARACTER SET utf8 COLLATE utf8_bin NOT NULL DEFAULT '',
  PRIMARY KEY (`USER_ID_`, `GROUP_ID_`) USING BTREE,
  INDEX `ACT_FK_MEMB_GROUP`(`GROUP_ID_`) USING BTREE,
  CONSTRAINT `ACT_FK_MEMB_GROUP` FOREIGN KEY (`GROUP_ID_`) REFERENCES `act_id_group` (`ID_`) ON DELETE RESTRICT ON UPDATE RESTRICT,
  CONSTRAINT `ACT_FK_MEMB_USER` FOREIGN KEY (`USER_ID_`) REFERENCES `act_id_user` (`ID_`) ON DELETE RESTRICT ON UPDATE RESTRICT
) ENGINE = InnoDB CHARACTER SET = utf8 COLLATE = utf8_bin ROW_FORMAT = Compact;

-- ----------------------------
-- Table structure for act_id_user
-- ----------------------------
DROP TABLE IF EXISTS `act_id_user`;
CREATE TABLE `act_id_user`  (
  `ID_` varchar(64) CHARACTER SET utf8 COLLATE utf8_bin NOT NULL DEFAULT '',
  `REV_` int(11) DEFAULT NULL,
  `FIRST_` varchar(255) CHARACTER SET utf8 COLLATE utf8_bin DEFAULT NULL,
  `LAST_` varchar(255) CHARACTER SET utf8 COLLATE utf8_bin DEFAULT NULL,
  `EMAIL_` varchar(255) CHARACTER SET utf8 COLLATE utf8_bin DEFAULT NULL,
  `PWD_` varchar(255) CHARACTER SET utf8 COLLATE utf8_bin DEFAULT NULL,
  `PICTURE_ID_` varchar(64) CHARACTER SET utf8 COLLATE utf8_bin DEFAULT NULL,
  PRIMARY KEY (`ID_`) USING BTREE
) ENGINE = InnoDB CHARACTER SET = utf8 COLLATE = utf8_bin ROW_FORMAT = Compact;

-- ----------------------------
-- Table structure for act_procdef_info
-- ----------------------------
DROP TABLE IF EXISTS `act_procdef_info`;
CREATE TABLE `act_procdef_info`  (
  `ID_` varchar(64) CHARACTER SET utf8 COLLATE utf8_bin NOT NULL,
  `PROC_DEF_ID_` varchar(64) CHARACTER SET utf8 COLLATE utf8_bin NOT NULL,
  `REV_` int(11) DEFAULT NULL,
  `INFO_JSON_ID_` varchar(64) CHARACTER SET utf8 COLLATE utf8_bin DEFAULT NULL,
  PRIMARY KEY (`ID_`) USING BTREE,
  UNIQUE INDEX `ACT_UNIQ_INFO_PROCDEF`(`PROC_DEF_ID_`) USING BTREE,
  INDEX `ACT_IDX_INFO_PROCDEF`(`PROC_DEF_ID_`) USING BTREE,
  INDEX `ACT_FK_INFO_JSON_BA`(`INFO_JSON_ID_`) USING BTREE,
  CONSTRAINT `ACT_FK_INFO_JSON_BA` FOREIGN KEY (`INFO_JSON_ID_`) REFERENCES `act_ge_bytearray` (`ID_`) ON DELETE RESTRICT ON UPDATE RESTRICT,
  CONSTRAINT `ACT_FK_INFO_PROCDEF` FOREIGN KEY (`PROC_DEF_ID_`) REFERENCES `act_re_procdef` (`ID_`) ON DELETE RESTRICT ON UPDATE RESTRICT
) ENGINE = InnoDB CHARACTER SET = utf8 COLLATE = utf8_bin ROW_FORMAT = Compact;

-- ----------------------------
-- Table structure for act_re_deployment
-- ----------------------------
DROP TABLE IF EXISTS `act_re_deployment`;
CREATE TABLE `act_re_deployment`  (
  `ID_` varchar(64) CHARACTER SET utf8 COLLATE utf8_bin NOT NULL DEFAULT '',
  `NAME_` varchar(255) CHARACTER SET utf8 COLLATE utf8_bin DEFAULT NULL,
  `CATEGORY_` varchar(255) CHARACTER SET utf8 COLLATE utf8_bin DEFAULT NULL,
  `TENANT_ID_` varchar(255) CHARACTER SET utf8 COLLATE utf8_bin DEFAULT '',
  `DEPLOY_TIME_` timestamp(3) DEFAULT NULL,
  PRIMARY KEY (`ID_`) USING BTREE
) ENGINE = InnoDB CHARACTER SET = utf8 COLLATE = utf8_bin ROW_FORMAT = Compact;

-- ----------------------------
-- Records of act_re_deployment
-- ----------------------------
INSERT INTO `act_re_deployment` VALUES ('20007', '请假流程', NULL, '', '2018-11-21 22:20:53.672');

-- ----------------------------
-- Table structure for act_re_model
-- ----------------------------
DROP TABLE IF EXISTS `act_re_model`;
CREATE TABLE `act_re_model`  (
  `ID_` varchar(64) CHARACTER SET utf8 COLLATE utf8_bin NOT NULL,
  `REV_` int(11) DEFAULT NULL,
  `NAME_` varchar(255) CHARACTER SET utf8 COLLATE utf8_bin DEFAULT NULL,
  `KEY_` varchar(255) CHARACTER SET utf8 COLLATE utf8_bin DEFAULT NULL,
  `CATEGORY_` varchar(255) CHARACTER SET utf8 COLLATE utf8_bin DEFAULT NULL,
  `CREATE_TIME_` timestamp(3) DEFAULT NULL,
  `LAST_UPDATE_TIME_` timestamp(3) DEFAULT NULL,
  `VERSION_` int(11) DEFAULT NULL,
  `META_INFO_` varchar(4000) CHARACTER SET utf8 COLLATE utf8_bin DEFAULT NULL,
  `DEPLOYMENT_ID_` varchar(64) CHARACTER SET utf8 COLLATE utf8_bin DEFAULT NULL,
  `EDITOR_SOURCE_VALUE_ID_` varchar(64) CHARACTER SET utf8 COLLATE utf8_bin DEFAULT NULL,
  `EDITOR_SOURCE_EXTRA_VALUE_ID_` varchar(64) CHARACTER SET utf8 COLLATE utf8_bin DEFAULT NULL,
  `TENANT_ID_` varchar(255) CHARACTER SET utf8 COLLATE utf8_bin DEFAULT '',
  PRIMARY KEY (`ID_`) USING BTREE,
  INDEX `ACT_FK_MODEL_SOURCE`(`EDITOR_SOURCE_VALUE_ID_`) USING BTREE,
  INDEX `ACT_FK_MODEL_SOURCE_EXTRA`(`EDITOR_SOURCE_EXTRA_VALUE_ID_`) USING BTREE,
  INDEX `ACT_FK_MODEL_DEPLOYMENT`(`DEPLOYMENT_ID_`) USING BTREE,
  CONSTRAINT `ACT_FK_MODEL_DEPLOYMENT` FOREIGN KEY (`DEPLOYMENT_ID_`) REFERENCES `act_re_deployment` (`ID_`) ON DELETE RESTRICT ON UPDATE RESTRICT,
  CONSTRAINT `ACT_FK_MODEL_SOURCE` FOREIGN KEY (`EDITOR_SOURCE_VALUE_ID_`) REFERENCES `act_ge_bytearray` (`ID_`) ON DELETE RESTRICT ON UPDATE RESTRICT,
  CONSTRAINT `ACT_FK_MODEL_SOURCE_EXTRA` FOREIGN KEY (`EDITOR_SOURCE_EXTRA_VALUE_ID_`) REFERENCES `act_ge_bytearray` (`ID_`) ON DELETE RESTRICT ON UPDATE RESTRICT
) ENGINE = InnoDB CHARACTER SET = utf8 COLLATE = utf8_bin ROW_FORMAT = Compact;

-- ----------------------------
-- Table structure for act_re_procdef
-- ----------------------------
DROP TABLE IF EXISTS `act_re_procdef`;
CREATE TABLE `act_re_procdef`  (
  `ID_` varchar(64) CHARACTER SET utf8 COLLATE utf8_bin NOT NULL,
  `REV_` int(11) DEFAULT NULL,
  `CATEGORY_` varchar(255) CHARACTER SET utf8 COLLATE utf8_bin DEFAULT NULL,
  `NAME_` varchar(255) CHARACTER SET utf8 COLLATE utf8_bin DEFAULT NULL,
  `KEY_` varchar(255) CHARACTER SET utf8 COLLATE utf8_bin NOT NULL,
  `VERSION_` int(11) NOT NULL,
  `DEPLOYMENT_ID_` varchar(64) CHARACTER SET utf8 COLLATE utf8_bin DEFAULT NULL,
  `RESOURCE_NAME_` varchar(4000) CHARACTER SET utf8 COLLATE utf8_bin DEFAULT NULL,
  `DGRM_RESOURCE_NAME_` varchar(4000) CHARACTER SET utf8 COLLATE utf8_bin DEFAULT NULL,
  `DESCRIPTION_` varchar(4000) CHARACTER SET utf8 COLLATE utf8_bin DEFAULT NULL,
  `HAS_START_FORM_KEY_` tinyint(4) DEFAULT NULL,
  `HAS_GRAPHICAL_NOTATION_` tinyint(4) DEFAULT NULL,
  `SUSPENSION_STATE_` int(11) DEFAULT NULL,
  `TENANT_ID_` varchar(255) CHARACTER SET utf8 COLLATE utf8_bin DEFAULT '',
  PRIMARY KEY (`ID_`) USING BTREE,
  UNIQUE INDEX `ACT_UNIQ_PROCDEF`(`KEY_`, `VERSION_`, `TENANT_ID_`) USING BTREE
) ENGINE = InnoDB CHARACTER SET = utf8 COLLATE = utf8_bin ROW_FORMAT = Compact;

-- ----------------------------
-- Records of act_re_procdef
-- ----------------------------
INSERT INTO `act_re_procdef` VALUES ('leaveProcess:1:20011', 1, 'http://www.activiti.org/test', '学生请假流程申请', 'leaveProcess', 1, '20007', 'leave.bpmn', 'leave.leaveProcess.png', NULL, 0, 1, 1, '');

-- ----------------------------
-- Table structure for act_ru_event_subscr
-- ----------------------------
DROP TABLE IF EXISTS `act_ru_event_subscr`;
CREATE TABLE `act_ru_event_subscr`  (
  `ID_` varchar(64) CHARACTER SET utf8 COLLATE utf8_bin NOT NULL,
  `REV_` int(11) DEFAULT NULL,
  `EVENT_TYPE_` varchar(255) CHARACTER SET utf8 COLLATE utf8_bin NOT NULL,
  `EVENT_NAME_` varchar(255) CHARACTER SET utf8 COLLATE utf8_bin DEFAULT NULL,
  `EXECUTION_ID_` varchar(64) CHARACTER SET utf8 COLLATE utf8_bin DEFAULT NULL,
  `PROC_INST_ID_` varchar(64) CHARACTER SET utf8 COLLATE utf8_bin DEFAULT NULL,
  `ACTIVITY_ID_` varchar(64) CHARACTER SET utf8 COLLATE utf8_bin DEFAULT NULL,
  `CONFIGURATION_` varchar(255) CHARACTER SET utf8 COLLATE utf8_bin DEFAULT NULL,
  `CREATED_` timestamp(3) NOT NULL DEFAULT CURRENT_TIMESTAMP(3),
  `PROC_DEF_ID_` varchar(64) CHARACTER SET utf8 COLLATE utf8_bin DEFAULT NULL,
  `TENANT_ID_` varchar(255) CHARACTER SET utf8 COLLATE utf8_bin DEFAULT '',
  PRIMARY KEY (`ID_`) USING BTREE,
  INDEX `ACT_IDX_EVENT_SUBSCR_CONFIG_`(`CONFIGURATION_`) USING BTREE,
  INDEX `ACT_FK_EVENT_EXEC`(`EXECUTION_ID_`) USING BTREE,
  CONSTRAINT `ACT_FK_EVENT_EXEC` FOREIGN KEY (`EXECUTION_ID_`) REFERENCES `act_ru_execution` (`ID_`) ON DELETE RESTRICT ON UPDATE RESTRICT
) ENGINE = InnoDB CHARACTER SET = utf8 COLLATE = utf8_bin ROW_FORMAT = Compact;

-- ----------------------------
-- Table structure for act_ru_execution
-- ----------------------------
DROP TABLE IF EXISTS `act_ru_execution`;
CREATE TABLE `act_ru_execution`  (
  `ID_` varchar(64) CHARACTER SET utf8 COLLATE utf8_bin NOT NULL DEFAULT '',
  `REV_` int(11) DEFAULT NULL,
  `PROC_INST_ID_` varchar(64) CHARACTER SET utf8 COLLATE utf8_bin DEFAULT NULL,
  `BUSINESS_KEY_` varchar(255) CHARACTER SET utf8 COLLATE utf8_bin DEFAULT NULL,
  `PARENT_ID_` varchar(64) CHARACTER SET utf8 COLLATE utf8_bin DEFAULT NULL,
  `PROC_DEF_ID_` varchar(64) CHARACTER SET utf8 COLLATE utf8_bin DEFAULT NULL,
  `SUPER_EXEC_` varchar(64) CHARACTER SET utf8 COLLATE utf8_bin DEFAULT NULL,
  `ACT_ID_` varchar(255) CHARACTER SET utf8 COLLATE utf8_bin DEFAULT NULL,
  `IS_ACTIVE_` tinyint(4) DEFAULT NULL,
  `IS_CONCURRENT_` tinyint(4) DEFAULT NULL,
  `IS_SCOPE_` tinyint(4) DEFAULT NULL,
  `IS_EVENT_SCOPE_` tinyint(4) DEFAULT NULL,
  `SUSPENSION_STATE_` int(11) DEFAULT NULL,
  `CACHED_ENT_STATE_` int(11) DEFAULT NULL,
  `TENANT_ID_` varchar(255) CHARACTER SET utf8 COLLATE utf8_bin DEFAULT '',
  `NAME_` varchar(255) CHARACTER SET utf8 COLLATE utf8_bin DEFAULT NULL,
  `LOCK_TIME_` timestamp(3) DEFAULT NULL,
  PRIMARY KEY (`ID_`) USING BTREE,
  INDEX `ACT_IDX_EXEC_BUSKEY`(`BUSINESS_KEY_`) USING BTREE,
  INDEX `ACT_FK_EXE_PROCINST`(`PROC_INST_ID_`) USING BTREE,
  INDEX `ACT_FK_EXE_PARENT`(`PARENT_ID_`) USING BTREE,
  INDEX `ACT_FK_EXE_SUPER`(`SUPER_EXEC_`) USING BTREE,
  INDEX `ACT_FK_EXE_PROCDEF`(`PROC_DEF_ID_`) USING BTREE,
  CONSTRAINT `ACT_FK_EXE_PARENT` FOREIGN KEY (`PARENT_ID_`) REFERENCES `act_ru_execution` (`ID_`) ON DELETE RESTRICT ON UPDATE RESTRICT,
  CONSTRAINT `ACT_FK_EXE_PROCDEF` FOREIGN KEY (`PROC_DEF_ID_`) REFERENCES `act_re_procdef` (`ID_`) ON DELETE RESTRICT ON UPDATE RESTRICT,
  CONSTRAINT `ACT_FK_EXE_PROCINST` FOREIGN KEY (`PROC_INST_ID_`) REFERENCES `act_ru_execution` (`ID_`) ON DELETE CASCADE ON UPDATE CASCADE,
  CONSTRAINT `ACT_FK_EXE_SUPER` FOREIGN KEY (`SUPER_EXEC_`) REFERENCES `act_ru_execution` (`ID_`) ON DELETE RESTRICT ON UPDATE RESTRICT
) ENGINE = InnoDB CHARACTER SET = utf8 COLLATE = utf8_bin ROW_FORMAT = Compact;

-- ----------------------------
-- Table structure for act_ru_identitylink
-- ----------------------------
DROP TABLE IF EXISTS `act_ru_identitylink`;
CREATE TABLE `act_ru_identitylink`  (
  `ID_` varchar(64) CHARACTER SET utf8 COLLATE utf8_bin NOT NULL DEFAULT '',
  `REV_` int(11) DEFAULT NULL,
  `GROUP_ID_` varchar(255) CHARACTER SET utf8 COLLATE utf8_bin DEFAULT NULL,
  `TYPE_` varchar(255) CHARACTER SET utf8 COLLATE utf8_bin DEFAULT NULL,
  `USER_ID_` varchar(255) CHARACTER SET utf8 COLLATE utf8_bin DEFAULT NULL,
  `TASK_ID_` varchar(64) CHARACTER SET utf8 COLLATE utf8_bin DEFAULT NULL,
  `PROC_INST_ID_` varchar(64) CHARACTER SET utf8 COLLATE utf8_bin DEFAULT NULL,
  `PROC_DEF_ID_` varchar(64) CHARACTER SET utf8 COLLATE utf8_bin DEFAULT NULL,
  PRIMARY KEY (`ID_`) USING BTREE,
  INDEX `ACT_IDX_IDENT_LNK_USER`(`USER_ID_`) USING BTREE,
  INDEX `ACT_IDX_IDENT_LNK_GROUP`(`GROUP_ID_`) USING BTREE,
  INDEX `ACT_IDX_ATHRZ_PROCEDEF`(`PROC_DEF_ID_`) USING BTREE,
  INDEX `ACT_FK_TSKASS_TASK`(`TASK_ID_`) USING BTREE,
  INDEX `ACT_FK_IDL_PROCINST`(`PROC_INST_ID_`) USING BTREE,
  CONSTRAINT `ACT_FK_ATHRZ_PROCEDEF` FOREIGN KEY (`PROC_DEF_ID_`) REFERENCES `act_re_procdef` (`ID_`) ON DELETE RESTRICT ON UPDATE RESTRICT,
  CONSTRAINT `ACT_FK_IDL_PROCINST` FOREIGN KEY (`PROC_INST_ID_`) REFERENCES `act_ru_execution` (`ID_`) ON DELETE RESTRICT ON UPDATE RESTRICT,
  CONSTRAINT `ACT_FK_TSKASS_TASK` FOREIGN KEY (`TASK_ID_`) REFERENCES `act_ru_task` (`ID_`) ON DELETE RESTRICT ON UPDATE RESTRICT
) ENGINE = InnoDB CHARACTER SET = utf8 COLLATE = utf8_bin ROW_FORMAT = Compact;

-- ----------------------------
-- Table structure for act_ru_job
-- ----------------------------
DROP TABLE IF EXISTS `act_ru_job`;
CREATE TABLE `act_ru_job`  (
  `ID_` varchar(64) CHARACTER SET utf8 COLLATE utf8_bin NOT NULL,
  `REV_` int(11) DEFAULT NULL,
  `TYPE_` varchar(255) CHARACTER SET utf8 COLLATE utf8_bin NOT NULL,
  `LOCK_EXP_TIME_` timestamp(3) DEFAULT NULL,
  `LOCK_OWNER_` varchar(255) CHARACTER SET utf8 COLLATE utf8_bin DEFAULT NULL,
  `EXCLUSIVE_` tinyint(1) DEFAULT NULL,
  `EXECUTION_ID_` varchar(64) CHARACTER SET utf8 COLLATE utf8_bin DEFAULT NULL,
  `PROCESS_INSTANCE_ID_` varchar(64) CHARACTER SET utf8 COLLATE utf8_bin DEFAULT NULL,
  `PROC_DEF_ID_` varchar(64) CHARACTER SET utf8 COLLATE utf8_bin DEFAULT NULL,
  `RETRIES_` int(11) DEFAULT NULL,
  `EXCEPTION_STACK_ID_` varchar(64) CHARACTER SET utf8 COLLATE utf8_bin DEFAULT NULL,
  `EXCEPTION_MSG_` varchar(4000) CHARACTER SET utf8 COLLATE utf8_bin DEFAULT NULL,
  `DUEDATE_` timestamp(3) DEFAULT NULL,
  `REPEAT_` varchar(255) CHARACTER SET utf8 COLLATE utf8_bin DEFAULT NULL,
  `HANDLER_TYPE_` varchar(255) CHARACTER SET utf8 COLLATE utf8_bin DEFAULT NULL,
  `HANDLER_CFG_` varchar(4000) CHARACTER SET utf8 COLLATE utf8_bin DEFAULT NULL,
  `TENANT_ID_` varchar(255) CHARACTER SET utf8 COLLATE utf8_bin DEFAULT '',
  PRIMARY KEY (`ID_`) USING BTREE,
  INDEX `ACT_FK_JOB_EXCEPTION`(`EXCEPTION_STACK_ID_`) USING BTREE,
  CONSTRAINT `ACT_FK_JOB_EXCEPTION` FOREIGN KEY (`EXCEPTION_STACK_ID_`) REFERENCES `act_ge_bytearray` (`ID_`) ON DELETE RESTRICT ON UPDATE RESTRICT
) ENGINE = InnoDB CHARACTER SET = utf8 COLLATE = utf8_bin ROW_FORMAT = Compact;

-- ----------------------------
-- Table structure for act_ru_task
-- ----------------------------
DROP TABLE IF EXISTS `act_ru_task`;
CREATE TABLE `act_ru_task`  (
  `ID_` varchar(64) CHARACTER SET utf8 COLLATE utf8_bin NOT NULL DEFAULT '',
  `REV_` int(11) DEFAULT NULL,
  `EXECUTION_ID_` varchar(64) CHARACTER SET utf8 COLLATE utf8_bin DEFAULT NULL,
  `PROC_INST_ID_` varchar(64) CHARACTER SET utf8 COLLATE utf8_bin DEFAULT NULL,
  `PROC_DEF_ID_` varchar(64) CHARACTER SET utf8 COLLATE utf8_bin DEFAULT NULL,
  `NAME_` varchar(255) CHARACTER SET utf8 COLLATE utf8_bin DEFAULT NULL,
  `PARENT_TASK_ID_` varchar(64) CHARACTER SET utf8 COLLATE utf8_bin DEFAULT NULL,
  `DESCRIPTION_` varchar(4000) CHARACTER SET utf8 COLLATE utf8_bin DEFAULT NULL,
  `TASK_DEF_KEY_` varchar(255) CHARACTER SET utf8 COLLATE utf8_bin DEFAULT NULL,
  `OWNER_` varchar(255) CHARACTER SET utf8 COLLATE utf8_bin DEFAULT NULL,
  `ASSIGNEE_` varchar(255) CHARACTER SET utf8 COLLATE utf8_bin DEFAULT NULL,
  `DELEGATION_` varchar(64) CHARACTER SET utf8 COLLATE utf8_bin DEFAULT NULL,
  `PRIORITY_` int(11) DEFAULT NULL,
  `CREATE_TIME_` timestamp(3) DEFAULT NULL,
  `DUE_DATE_` datetime(3) DEFAULT NULL,
  `CATEGORY_` varchar(255) CHARACTER SET utf8 COLLATE utf8_bin DEFAULT NULL,
  `SUSPENSION_STATE_` int(11) DEFAULT NULL,
  `TENANT_ID_` varchar(255) CHARACTER SET utf8 COLLATE utf8_bin DEFAULT '',
  `FORM_KEY_` varchar(255) CHARACTER SET utf8 COLLATE utf8_bin DEFAULT NULL,
  PRIMARY KEY (`ID_`) USING BTREE,
  INDEX `ACT_IDX_TASK_CREATE`(`CREATE_TIME_`) USING BTREE,
  INDEX `ACT_FK_TASK_EXE`(`EXECUTION_ID_`) USING BTREE,
  INDEX `ACT_FK_TASK_PROCINST`(`PROC_INST_ID_`) USING BTREE,
  INDEX `ACT_FK_TASK_PROCDEF`(`PROC_DEF_ID_`) USING BTREE,
  CONSTRAINT `ACT_FK_TASK_EXE` FOREIGN KEY (`EXECUTION_ID_`) REFERENCES `act_ru_execution` (`ID_`) ON DELETE RESTRICT ON UPDATE RESTRICT,
  CONSTRAINT `ACT_FK_TASK_PROCDEF` FOREIGN KEY (`PROC_DEF_ID_`) REFERENCES `act_re_procdef` (`ID_`) ON DELETE RESTRICT ON UPDATE RESTRICT,
  CONSTRAINT `ACT_FK_TASK_PROCINST` FOREIGN KEY (`PROC_INST_ID_`) REFERENCES `act_ru_execution` (`ID_`) ON DELETE RESTRICT ON UPDATE RESTRICT
) ENGINE = InnoDB CHARACTER SET = utf8 COLLATE = utf8_bin ROW_FORMAT = Compact;

-- ----------------------------
-- Table structure for act_ru_variable
-- ----------------------------
DROP TABLE IF EXISTS `act_ru_variable`;
CREATE TABLE `act_ru_variable`  (
  `ID_` varchar(64) CHARACTER SET utf8 COLLATE utf8_bin NOT NULL,
  `REV_` int(11) DEFAULT NULL,
  `TYPE_` varchar(255) CHARACTER SET utf8 COLLATE utf8_bin NOT NULL,
  `NAME_` varchar(255) CHARACTER SET utf8 COLLATE utf8_bin NOT NULL,
  `EXECUTION_ID_` varchar(64) CHARACTER SET utf8 COLLATE utf8_bin DEFAULT NULL,
  `PROC_INST_ID_` varchar(64) CHARACTER SET utf8 COLLATE utf8_bin DEFAULT NULL,
  `TASK_ID_` varchar(64) CHARACTER SET utf8 COLLATE utf8_bin DEFAULT NULL,
  `BYTEARRAY_ID_` varchar(64) CHARACTER SET utf8 COLLATE utf8_bin DEFAULT NULL,
  `DOUBLE_` double DEFAULT NULL,
  `LONG_` bigint(20) DEFAULT NULL,
  `TEXT_` varchar(4000) CHARACTER SET utf8 COLLATE utf8_bin DEFAULT NULL,
  `TEXT2_` varchar(4000) CHARACTER SET utf8 COLLATE utf8_bin DEFAULT NULL,
  PRIMARY KEY (`ID_`) USING BTREE,
  INDEX `ACT_IDX_VARIABLE_TASK_ID`(`TASK_ID_`) USING BTREE,
  INDEX `ACT_FK_VAR_EXE`(`EXECUTION_ID_`) USING BTREE,
  INDEX `ACT_FK_VAR_PROCINST`(`PROC_INST_ID_`) USING BTREE,
  INDEX `ACT_FK_VAR_BYTEARRAY`(`BYTEARRAY_ID_`) USING BTREE,
  CONSTRAINT `ACT_FK_VAR_BYTEARRAY` FOREIGN KEY (`BYTEARRAY_ID_`) REFERENCES `act_ge_bytearray` (`ID_`) ON DELETE RESTRICT ON UPDATE RESTRICT,
  CONSTRAINT `ACT_FK_VAR_EXE` FOREIGN KEY (`EXECUTION_ID_`) REFERENCES `act_ru_execution` (`ID_`) ON DELETE RESTRICT ON UPDATE RESTRICT,
  CONSTRAINT `ACT_FK_VAR_PROCINST` FOREIGN KEY (`PROC_INST_ID_`) REFERENCES `act_ru_execution` (`ID_`) ON DELETE RESTRICT ON UPDATE RESTRICT
) ENGINE = InnoDB CHARACTER SET = utf8 COLLATE = utf8_bin ROW_FORMAT = Compact;

-- ----------------------------
-- Table structure for sys_permission
-- ----------------------------
DROP TABLE IF EXISTS `sys_permission`;
CREATE TABLE `sys_permission`  (
  `id` int(128) NOT NULL AUTO_INCREMENT COMMENT '主键',
  `name` varchar(128) CHARACTER SET utf8 COLLATE utf8_general_ci NOT NULL COMMENT '资源名称',
  `icon` varchar(100) CHARACTER SET utf8 COLLATE utf8_general_ci DEFAULT NULL,
  `type` varchar(32) CHARACTER SET utf8 COLLATE utf8_general_ci NOT NULL COMMENT '资源类型：menu,button,',
  `url` varchar(128) CHARACTER SET utf8 COLLATE utf8_general_ci DEFAULT NULL COMMENT '访问url地址',
  `percode` varchar(128) CHARACTER SET utf8 COLLATE utf8_general_ci DEFAULT NULL COMMENT '权限代码字符串',
  `parentid` bigint(20) DEFAULT NULL COMMENT '父结点id',
  `parentids` varchar(128) CHARACTER SET utf8 COLLATE utf8_general_ci DEFAULT NULL COMMENT '父结点id列表串',
  `sortstring` varchar(128) CHARACTER SET utf8 COLLATE utf8_general_ci DEFAULT NULL COMMENT '排序号',
  `available` char(1) CHARACTER SET utf8 COLLATE utf8_general_ci DEFAULT NULL COMMENT '是否可用,1：可用，0不可用',
  `del` int(255) DEFAULT 0,
  PRIMARY KEY (`id`) USING BTREE
) ENGINE = InnoDB AUTO_INCREMENT = 52 CHARACTER SET = utf8 COLLATE = utf8_general_ci ROW_FORMAT = Compact;

-- ----------------------------
-- Records of sys_permission
-- ----------------------------
INSERT INTO `sys_permission` VALUES (1, '权限管理', 'fa fa-shield', 'menu', '', NULL, 0, '0/', '0', '1', 0);
INSERT INTO `sys_permission` VALUES (2, '考勤管理', 'fa fa-bell-o', 'menu', NULL, NULL, 0, '0/', NULL, '1', 0);
INSERT INTO `sys_permission` VALUES (3, '部门管理', 'fa fa-sitemap', 'menu', NULL, NULL, 0, '0/', '3', '1', 0);
INSERT INTO `sys_permission` VALUES (4, '员工管理', 'fa fa-users', 'menu', NULL, NULL, 0, '0/', NULL, '1', 0);
INSERT INTO `sys_permission` VALUES (5, '学科管理', 'fa fa-graduation-cap', 'menu', NULL, NULL, 0, '0/', NULL, '1', 0);
INSERT INTO `sys_permission` VALUES (6, '班级管理', 'fa fa-cube', 'menu', NULL, NULL, 0, '0/', NULL, '1', 0);
INSERT INTO `sys_permission` VALUES (8, '学生管理', 'fa fa-user-secret', 'menu', NULL, NULL, 0, '0/', NULL, '1', 0);
INSERT INTO `sys_permission` VALUES (9, '用户角色', NULL, 'menu', '/role/list/1', NULL, 1, '0/1', '1', '1', 0);
INSERT INTO `sys_permission` VALUES (10, '角色权限', NULL, 'menu', '/role/list/1', NULL, 1, '0/1', '3', '1', 1);
INSERT INTO `sys_permission` VALUES (12, '学员新增', NULL, 'permission', '/student/add', 'student:create', NULL, '', '', '1', 0);
INSERT INTO `sys_permission` VALUES (13, '学员修改', NULL, 'permission', '/student/update', 'student:update', NULL, '', '', '1', 0);
INSERT INTO `sys_permission` VALUES (14, '学员删除', NULL, 'permission', '/student/delete', 'student:delete', NULL, '', '', '1', 0);
INSERT INTO `sys_permission` VALUES (15, '学生列表', NULL, 'permission', '/student/list/1', 'student:query', NULL, '', NULL, '1', 0);
INSERT INTO `sys_permission` VALUES (16, '菜单管理', NULL, 'menu', '/menu/list/1', NULL, 1, '0/1', '2', '1', 0);
INSERT INTO `sys_permission` VALUES (17, '部门列表', '', 'menu', '/depart/list/1', NULL, 3, '0/3', NULL, '1', 0);
INSERT INTO `sys_permission` VALUES (18, '部门新增', '', 'menu', '/depart/goAdd', NULL, 3, '0/3', NULL, '1', 0);
INSERT INTO `sys_permission` VALUES (21, '用户管理', '', 'menu', '/userRole/list/1', '', 1, '0/1', '2', '1', 0);
INSERT INTO `sys_permission` VALUES (22, '用户新增', NULL, 'permission', '/user/add', 'user:create', NULL, '', '', '1', 0);
INSERT INTO `sys_permission` VALUES (23, '用户修改', NULL, 'permission', '/user/update', 'user:update', NULL, '', '', '1', 0);
INSERT INTO `sys_permission` VALUES (24, '用户删除', NULL, 'permission', '/user/delete', 'user:delete', NULL, '', '', '1', 0);
INSERT INTO `sys_permission` VALUES (25, '请假加班', NULL, 'menu', NULL, NULL, 2, '0/2', NULL, '1', 0);
INSERT INTO `sys_permission` VALUES (26, '待办事项', NULL, 'menu', NULL, NULL, 2, '0/2', NULL, '1', 0);
INSERT INTO `sys_permission` VALUES (27, '我的记录', NULL, 'menu', NULL, NULL, 2, '0/2', NULL, '1', 0);
INSERT INTO `sys_permission` VALUES (28, '员工列表', 'fa fa-graduation-cap', 'menu', '/emp/list/1', NULL, 4, '0/4', NULL, '1', 0);
INSERT INTO `sys_permission` VALUES (29, '员工新增', 'fa fa-graduation-cap', 'menu', '/emp/goAdd', NULL, 4, '0/4', NULL, '1', 0);
INSERT INTO `sys_permission` VALUES (30, '员工导入', 'fa-graduation-cap', 'menu', '/empimport.jsp', NULL, 4, '0/4', NULL, '1', 0);
INSERT INTO `sys_permission` VALUES (31, '学科新增', '', 'menu', '/course/goAdd', NULL, 5, '0/5', NULL, '1', 0);
INSERT INTO `sys_permission` VALUES (32, '学科列表', '', 'menu', '/course/list/1', NULL, 5, '0/5', NULL, '1', 0);
INSERT INTO `sys_permission` VALUES (33, '班级新增', '', 'menu', '/grade/goAdd', NULL, 6, '0/6', NULL, '1', 0);
INSERT INTO `sys_permission` VALUES (34, '班级列表', '', 'menu', '/grade/list/1', NULL, 6, '0/6', NULL, '1', 0);
INSERT INTO `sys_permission` VALUES (35, '学生新增', '', 'menu', '/student/goAdd', NULL, 8, '0/8', NULL, '1', 0);
INSERT INTO `sys_permission` VALUES (36, '学生导入', '', 'menu', '/student/goImport', NULL, 8, '0/8', NULL, '1', 0);
INSERT INTO `sys_permission` VALUES (37, '学生列表', NULL, 'menu', '/student/list/1', NULL, 8, '0/8', NULL, '1', 0);
INSERT INTO `sys_permission` VALUES (38, '用户查询', NULL, 'permission', '/user/query', 'user:query', NULL, NULL, NULL, '1', 0);
INSERT INTO `sys_permission` VALUES (39, '员工新增', NULL, 'permission', '/emp/add', 'emp:add', NULL, NULL, NULL, '1', 0);
INSERT INTO `sys_permission` VALUES (40, '我的工具', 'fa fa-shield', 'menu', NULL, NULL, 0, NULL, NULL, '1', 0);
INSERT INTO `sys_permission` VALUES (41, '我的日历', '', 'menu', '/clock.jsp', NULL, 40, NULL, NULL, '1', 0);
INSERT INTO `sys_permission` VALUES (42, '天气查询', '', 'menu', '/weather.jsp', NULL, 40, NULL, NULL, '1', 0);
INSERT INTO `sys_permission` VALUES (44, '起草申请', '', 'menu', '/process/goApply', NULL, 43, NULL, NULL, '1', 0);
INSERT INTO `sys_permission` VALUES (45, '审批管理', 'fa fa-bell-o', 'menu', '', NULL, 0, NULL, NULL, '1', 0);
INSERT INTO `sys_permission` VALUES (46, '部署流程定义', '', 'menu', '/flow_deployUI.jsp', NULL, 45, NULL, NULL, '1', 0);
INSERT INTO `sys_permission` VALUES (47, '审批流程管理', '', 'menu', '/process/list', NULL, 45, NULL, NULL, '1', 0);
INSERT INTO `sys_permission` VALUES (48, '我的申请', 'layui-icon layui-icon-survey', 'menu', '', NULL, 0, NULL, NULL, '1', 0);
INSERT INTO `sys_permission` VALUES (49, '起草申请', '', 'menu', '/process/goApply', NULL, 48, NULL, NULL, '1', 0);
INSERT INTO `sys_permission` VALUES (50, '申请记录', '', 'menu', '/process/myApplies', NULL, 48, NULL, NULL, '1', 0);
INSERT INTO `sys_permission` VALUES (51, '待我审批', '', 'menu', '/process/myTasks', NULL, 45, NULL, NULL, '1', 0);

-- ----------------------------
-- Table structure for sys_role
-- ----------------------------
DROP TABLE IF EXISTS `sys_role`;
CREATE TABLE `sys_role`  (
  `id` int(36) NOT NULL AUTO_INCREMENT,
  `remark` varchar(30) CHARACTER SET utf8 COLLATE utf8_general_ci DEFAULT NULL,
  `name` varchar(128) CHARACTER SET utf8 COLLATE utf8_general_ci DEFAULT NULL,
  `available` char(1) CHARACTER SET utf8 COLLATE utf8_general_ci DEFAULT NULL COMMENT '是否可用,1：可用，0不可用',
  PRIMARY KEY (`id`) USING BTREE
) ENGINE = InnoDB AUTO_INCREMENT = 8 CHARACTER SET = utf8 COLLATE = utf8_general_ci ROW_FORMAT = Compact;

-- ----------------------------
-- Records of sys_role
-- ----------------------------
INSERT INTO `sys_role` VALUES (1, '系统管理', '系统管理员', '1');
INSERT INTO `sys_role` VALUES (2, '教务管理', '教务', '1');
INSERT INTO `sys_role` VALUES (3, NULL, '讲师', '1');
INSERT INTO `sys_role` VALUES (4, '看门11', '门卫11', '1');
INSERT INTO `sys_role` VALUES (5, '学习的', '学生', '1');
INSERT INTO `sys_role` VALUES (6, '负责班级管理', '班主任', '1');
INSERT INTO `sys_role` VALUES (7, '辅导员', '辅导员', '1');

-- ----------------------------
-- Table structure for sys_role_permission
-- ----------------------------
DROP TABLE IF EXISTS `sys_role_permission`;
CREATE TABLE `sys_role_permission`  (
  `id` int(36) NOT NULL AUTO_INCREMENT,
  `sys_role_id` int(32) DEFAULT NULL COMMENT '角色id',
  `sys_permission_id` int(32) DEFAULT NULL COMMENT '权限id',
  PRIMARY KEY (`id`) USING BTREE,
  INDEX `FK_sys_role_id22222`(`sys_role_id`) USING BTREE,
  INDEX `FK_sys_permission_id2222`(`sys_permission_id`) USING BTREE,
  CONSTRAINT `FK_sys_permission_id2222` FOREIGN KEY (`sys_permission_id`) REFERENCES `sys_permission` (`id`) ON DELETE RESTRICT ON UPDATE RESTRICT,
  CONSTRAINT `FK_sys_role_id22222` FOREIGN KEY (`sys_role_id`) REFERENCES `sys_role` (`id`) ON DELETE RESTRICT ON UPDATE RESTRICT
) ENGINE = InnoDB AUTO_INCREMENT = 234 CHARACTER SET = utf8 COLLATE = utf8_general_ci ROW_FORMAT = Compact;

-- ----------------------------
-- Records of sys_role_permission
-- ----------------------------
INSERT INTO `sys_role_permission` VALUES (22, 3, 1);
INSERT INTO `sys_role_permission` VALUES (23, 3, 2);
INSERT INTO `sys_role_permission` VALUES (24, 3, 3);
INSERT INTO `sys_role_permission` VALUES (25, 3, 4);
INSERT INTO `sys_role_permission` VALUES (29, 3, 28);
INSERT INTO `sys_role_permission` VALUES (30, 3, 29);
INSERT INTO `sys_role_permission` VALUES (31, 3, 30);
INSERT INTO `sys_role_permission` VALUES (56, 4, 15);
INSERT INTO `sys_role_permission` VALUES (57, 4, 22);
INSERT INTO `sys_role_permission` VALUES (58, 4, 39);
INSERT INTO `sys_role_permission` VALUES (59, 4, 6);
INSERT INTO `sys_role_permission` VALUES (60, 4, 33);
INSERT INTO `sys_role_permission` VALUES (61, 4, 34);
INSERT INTO `sys_role_permission` VALUES (62, 4, 8);
INSERT INTO `sys_role_permission` VALUES (63, 4, 35);
INSERT INTO `sys_role_permission` VALUES (64, 4, 36);
INSERT INTO `sys_role_permission` VALUES (65, 4, 37);
INSERT INTO `sys_role_permission` VALUES (66, 4, 40);
INSERT INTO `sys_role_permission` VALUES (67, 4, 41);
INSERT INTO `sys_role_permission` VALUES (106, 2, 1);
INSERT INTO `sys_role_permission` VALUES (107, 2, 9);
INSERT INTO `sys_role_permission` VALUES (108, 2, 16);
INSERT INTO `sys_role_permission` VALUES (109, 2, 21);
INSERT INTO `sys_role_permission` VALUES (110, 2, 2);
INSERT INTO `sys_role_permission` VALUES (111, 2, 25);
INSERT INTO `sys_role_permission` VALUES (112, 2, 26);
INSERT INTO `sys_role_permission` VALUES (113, 2, 27);
INSERT INTO `sys_role_permission` VALUES (114, 2, 3);
INSERT INTO `sys_role_permission` VALUES (115, 2, 17);
INSERT INTO `sys_role_permission` VALUES (116, 2, 18);
INSERT INTO `sys_role_permission` VALUES (117, 2, 4);
INSERT INTO `sys_role_permission` VALUES (118, 2, 28);
INSERT INTO `sys_role_permission` VALUES (119, 2, 29);
INSERT INTO `sys_role_permission` VALUES (120, 2, 30);
INSERT INTO `sys_role_permission` VALUES (121, 2, 5);
INSERT INTO `sys_role_permission` VALUES (122, 2, 31);
INSERT INTO `sys_role_permission` VALUES (123, 2, 32);
INSERT INTO `sys_role_permission` VALUES (124, 2, 6);
INSERT INTO `sys_role_permission` VALUES (125, 2, 33);
INSERT INTO `sys_role_permission` VALUES (126, 2, 34);
INSERT INTO `sys_role_permission` VALUES (127, 2, 8);
INSERT INTO `sys_role_permission` VALUES (128, 2, 35);
INSERT INTO `sys_role_permission` VALUES (129, 2, 36);
INSERT INTO `sys_role_permission` VALUES (130, 2, 37);
INSERT INTO `sys_role_permission` VALUES (131, 2, 40);
INSERT INTO `sys_role_permission` VALUES (132, 2, 41);
INSERT INTO `sys_role_permission` VALUES (133, 2, 42);
INSERT INTO `sys_role_permission` VALUES (134, 2, 12);
INSERT INTO `sys_role_permission` VALUES (149, 1, 1);
INSERT INTO `sys_role_permission` VALUES (150, 1, 9);
INSERT INTO `sys_role_permission` VALUES (151, 1, 16);
INSERT INTO `sys_role_permission` VALUES (152, 1, 21);
INSERT INTO `sys_role_permission` VALUES (153, 1, 2);
INSERT INTO `sys_role_permission` VALUES (154, 1, 25);
INSERT INTO `sys_role_permission` VALUES (155, 1, 26);
INSERT INTO `sys_role_permission` VALUES (156, 1, 27);
INSERT INTO `sys_role_permission` VALUES (157, 1, 3);
INSERT INTO `sys_role_permission` VALUES (158, 1, 17);
INSERT INTO `sys_role_permission` VALUES (159, 1, 18);
INSERT INTO `sys_role_permission` VALUES (160, 1, 4);
INSERT INTO `sys_role_permission` VALUES (161, 1, 28);
INSERT INTO `sys_role_permission` VALUES (162, 1, 29);
INSERT INTO `sys_role_permission` VALUES (163, 1, 30);
INSERT INTO `sys_role_permission` VALUES (164, 1, 5);
INSERT INTO `sys_role_permission` VALUES (165, 1, 31);
INSERT INTO `sys_role_permission` VALUES (166, 1, 32);
INSERT INTO `sys_role_permission` VALUES (167, 1, 6);
INSERT INTO `sys_role_permission` VALUES (168, 1, 33);
INSERT INTO `sys_role_permission` VALUES (169, 1, 34);
INSERT INTO `sys_role_permission` VALUES (170, 1, 8);
INSERT INTO `sys_role_permission` VALUES (171, 1, 35);
INSERT INTO `sys_role_permission` VALUES (172, 1, 36);
INSERT INTO `sys_role_permission` VALUES (173, 1, 37);
INSERT INTO `sys_role_permission` VALUES (174, 1, 40);
INSERT INTO `sys_role_permission` VALUES (175, 1, 41);
INSERT INTO `sys_role_permission` VALUES (176, 1, 42);
INSERT INTO `sys_role_permission` VALUES (177, 1, 45);
INSERT INTO `sys_role_permission` VALUES (178, 1, 46);
INSERT INTO `sys_role_permission` VALUES (179, 1, 47);
INSERT INTO `sys_role_permission` VALUES (180, 1, 12);
INSERT INTO `sys_role_permission` VALUES (181, 1, 13);
INSERT INTO `sys_role_permission` VALUES (182, 1, 14);
INSERT INTO `sys_role_permission` VALUES (183, 1, 15);
INSERT INTO `sys_role_permission` VALUES (184, 1, 22);
INSERT INTO `sys_role_permission` VALUES (185, 1, 23);
INSERT INTO `sys_role_permission` VALUES (186, 1, 24);
INSERT INTO `sys_role_permission` VALUES (187, 1, 38);
INSERT INTO `sys_role_permission` VALUES (188, 1, 39);
INSERT INTO `sys_role_permission` VALUES (199, 5, 2);
INSERT INTO `sys_role_permission` VALUES (200, 5, 25);
INSERT INTO `sys_role_permission` VALUES (201, 5, 26);
INSERT INTO `sys_role_permission` VALUES (202, 5, 27);
INSERT INTO `sys_role_permission` VALUES (203, 5, 48);
INSERT INTO `sys_role_permission` VALUES (204, 5, 49);
INSERT INTO `sys_role_permission` VALUES (205, 5, 50);
INSERT INTO `sys_role_permission` VALUES (222, 6, 8);
INSERT INTO `sys_role_permission` VALUES (223, 6, 35);
INSERT INTO `sys_role_permission` VALUES (224, 6, 36);
INSERT INTO `sys_role_permission` VALUES (225, 6, 37);
INSERT INTO `sys_role_permission` VALUES (226, 6, 45);
INSERT INTO `sys_role_permission` VALUES (227, 6, 51);
INSERT INTO `sys_role_permission` VALUES (228, 7, 8);
INSERT INTO `sys_role_permission` VALUES (229, 7, 35);
INSERT INTO `sys_role_permission` VALUES (230, 7, 36);
INSERT INTO `sys_role_permission` VALUES (231, 7, 37);
INSERT INTO `sys_role_permission` VALUES (232, 7, 45);
INSERT INTO `sys_role_permission` VALUES (233, 7, 51);

-- ----------------------------
-- Table structure for sys_user
-- ----------------------------
DROP TABLE IF EXISTS `sys_user`;
CREATE TABLE `sys_user`  (
  `id` int(36) NOT NULL AUTO_INCREMENT COMMENT '主键',
  `username` varchar(64) CHARACTER SET utf8 COLLATE utf8_general_ci NOT NULL COMMENT '姓名',
  `password` varchar(32) CHARACTER SET utf8 COLLATE utf8_general_ci NOT NULL COMMENT '密码',
  `photo` varchar(255) CHARACTER SET utf8 COLLATE utf8_general_ci DEFAULT NULL,
  `salt` varchar(128) CHARACTER SET utf8 COLLATE utf8_general_ci DEFAULT NULL COMMENT '盐',
  `last_login_date` varchar(50) CHARACTER SET utf8 COLLATE utf8_general_ci DEFAULT NULL,
  `currenttime` varchar(50) CHARACTER SET utf8 COLLATE utf8_general_ci DEFAULT NULL,
  `ip` varchar(30) CHARACTER SET utf8 COLLATE utf8_general_ci DEFAULT NULL,
  `locked` char(1) CHARACTER SET utf8 COLLATE utf8_general_ci DEFAULT NULL COMMENT '账号是否锁定，1：锁定，0未锁定',
  `del` int(11) DEFAULT NULL,
  `uname` varchar(255) CHARACTER SET utf8 COLLATE utf8_general_ci DEFAULT NULL COMMENT '姓名',
  `no` varchar(50) CHARACTER SET utf8 COLLATE utf8_general_ci DEFAULT NULL,
  PRIMARY KEY (`id`) USING BTREE
) ENGINE = InnoDB AUTO_INCREMENT = 11 CHARACTER SET = utf8 COLLATE = utf8_general_ci ROW_FORMAT = Compact;

-- ----------------------------
-- Records of sys_user
-- ----------------------------
INSERT INTO `sys_user` VALUES (1, 'admin', 'cb5af45e1fc94a9723d518f8b781ec92', 'media/photo/2018-11-20/20181120202747384_a.png', '你好', '2018-11-21 23:14:10', '2018-11-14 17:48:11', '0:0:0:0:0:0:0:1', '0', 0, '沈志龙', '1510501505');
INSERT INTO `sys_user` VALUES (2, 'szl', 'cb5af45e1fc94a9723d518f8b781ec92', 'media/photo/2018-11-09/20181109190235623_7.jpg', '你好', '2018-11-21 22:44:12', '2018-11-14 09:52:02', '0:0:0:0:0:0:0:1', '0', 0, '张学友', '1510501502');
INSERT INTO `sys_user` VALUES (4, 'szl1', 'cb5af45e1fc94a9723d518f8b781ec92', NULL, '你好', '2018-11-21 22:44:52', NULL, NULL, '0', 0, '谢霆锋', '1510501118');
INSERT INTO `sys_user` VALUES (8, 'szl2', 'cb5af45e1fc94a9723d518f8b781ec92', NULL, '你好', NULL, NULL, NULL, '0', 0, '张柏芝', '1510501112');
INSERT INTO `sys_user` VALUES (9, '500108199608254013', '8254013', 'head/default/default.png', '1479f7e7-c0cb-4a62-b223-b23e412c1b0f', NULL, NULL, NULL, '0', 0, '刘强东', '1510501121');
INSERT INTO `sys_user` VALUES (10, '500108199608254012', '2ef5bdd6af16e365df5d505b1ea8ae9c', 'head/default/default.png', '7f9e932bdd2343458b00ef8fa92e2549', '2018-11-21 22:45:11', NULL, NULL, '0', 0, '刘德华', '1510501113');

-- ----------------------------
-- Table structure for sys_user_role
-- ----------------------------
DROP TABLE IF EXISTS `sys_user_role`;
CREATE TABLE `sys_user_role`  (
  `id` int(36) NOT NULL AUTO_INCREMENT,
  `sys_user_id` int(32) NOT NULL,
  `sys_role_id` int(32) NOT NULL,
  PRIMARY KEY (`id`) USING BTREE,
  INDEX `FK_sys_user_id1111`(`sys_user_id`) USING BTREE,
  INDEX `FK_sys_role_id1111`(`sys_role_id`) USING BTREE,
  CONSTRAINT `FK_sys_role_id1111` FOREIGN KEY (`sys_role_id`) REFERENCES `sys_role` (`id`) ON DELETE RESTRICT ON UPDATE RESTRICT,
  CONSTRAINT `FK_sys_user_id1111` FOREIGN KEY (`sys_user_id`) REFERENCES `sys_user` (`id`) ON DELETE RESTRICT ON UPDATE RESTRICT
) ENGINE = InnoDB AUTO_INCREMENT = 21 CHARACTER SET = utf8 COLLATE = utf8_general_ci ROW_FORMAT = Compact;

-- ----------------------------
-- Records of sys_user_role
-- ----------------------------
INSERT INTO `sys_user_role` VALUES (8, 9, 5);
INSERT INTO `sys_user_role` VALUES (10, 10, 5);
INSERT INTO `sys_user_role` VALUES (13, 1, 1);
INSERT INTO `sys_user_role` VALUES (14, 1, 2);
INSERT INTO `sys_user_role` VALUES (15, 1, 6);
INSERT INTO `sys_user_role` VALUES (16, 2, 3);
INSERT INTO `sys_user_role` VALUES (17, 2, 6);
INSERT INTO `sys_user_role` VALUES (18, 2, 7);
INSERT INTO `sys_user_role` VALUES (19, 8, 5);
INSERT INTO `sys_user_role` VALUES (20, 4, 5);

-- ----------------------------
-- Table structure for t_apply
-- ----------------------------
DROP TABLE IF EXISTS `t_apply`;
CREATE TABLE `t_apply`  (
  `id` int(11) NOT NULL AUTO_INCREMENT,
  `startdate` datetime(0) DEFAULT NULL,
  `enddate` datetime(0) DEFAULT NULL,
  `days` int(11) DEFAULT NULL,
  `type` varchar(50) CHARACTER SET utf8 COLLATE utf8_general_ci DEFAULT NULL,
  `excute_id` int(6) DEFAULT NULL,
  `apply_id` int(6) DEFAULT NULL,
  `status` varchar(4) CHARACTER SET utf8 COLLATE utf8_general_ci DEFAULT NULL,
  `remark` varchar(500) CHARACTER SET utf8 COLLATE utf8_general_ci DEFAULT NULL,
  `applydate` datetime(0) DEFAULT NULL,
  `processInstanceId` varchar(10) CHARACTER SET utf8 COLLATE utf8_general_ci DEFAULT NULL,
  PRIMARY KEY (`id`) USING BTREE
) ENGINE = InnoDB AUTO_INCREMENT = 46 CHARACTER SET = utf8 COLLATE = utf8_general_ci ROW_FORMAT = Compact;

-- ----------------------------
-- Records of t_apply
-- ----------------------------
INSERT INTO `t_apply` VALUES (43, '2018-11-19 00:00:00', '2018-11-23 00:00:00', 4, '事假', 1, 10, '通过审批', '我想出去玩！！！', '2018-11-21 00:00:00', '20012');
INSERT INTO `t_apply` VALUES (44, '2018-11-19 00:00:00', '2018-11-23 00:00:00', 4, '婚假', 1, 4, '通过审批', '回家吃号吃的啊~', '2018-11-21 00:00:00', '20031');
INSERT INTO `t_apply` VALUES (45, '2018-11-19 00:00:00', '2018-11-23 00:00:00', 5, '事假', 1, 10, '通过审批', 'asiodjasjdasldasdas', '2018-11-21 00:00:00', '20046');

-- ----------------------------
-- Table structure for t_approve
-- ----------------------------
DROP TABLE IF EXISTS `t_approve`;
CREATE TABLE `t_approve`  (
  `id` int(8) NOT NULL AUTO_INCREMENT,
  `user_id` int(8) DEFAULT NULL,
  `approveDate` datetime(0) DEFAULT NULL,
  `comment` varchar(200) CHARACTER SET utf8 COLLATE utf8_general_ci DEFAULT NULL,
  `apply_id` int(8) DEFAULT NULL,
  `approveValue` bit(1) DEFAULT NULL COMMENT '申请是否通过  1   0',
  PRIMARY KEY (`id`) USING BTREE
) ENGINE = InnoDB AUTO_INCREMENT = 34 CHARACTER SET = utf8 COLLATE = utf8_general_ci ROW_FORMAT = Compact;

-- ----------------------------
-- Records of t_approve
-- ----------------------------
INSERT INTO `t_approve` VALUES (28, 1, '2018-11-21 22:21:30', '同意', 43, b'1');
INSERT INTO `t_approve` VALUES (29, 2, '2018-11-21 22:21:54', '不同意！', 43, b'1');
INSERT INTO `t_approve` VALUES (30, 1, '2018-11-21 22:43:53', '同意把~', 45, b'1');
INSERT INTO `t_approve` VALUES (31, 1, '2018-11-21 22:44:04', '同意！', 44, b'1');
INSERT INTO `t_approve` VALUES (32, 2, '2018-11-21 22:44:34', '同意啊~', 44, b'1');
INSERT INTO `t_approve` VALUES (33, 2, '2018-11-21 22:44:40', '非常同意啊！', 45, b'1');

-- ----------------------------
-- Table structure for t_course
-- ----------------------------
DROP TABLE IF EXISTS `t_course`;
CREATE TABLE `t_course`  (
  `id` int(11) NOT NULL AUTO_INCREMENT,
  `name` varchar(20) CHARACTER SET utf8 COLLATE utf8_general_ci DEFAULT NULL,
  `flag` int(11) DEFAULT NULL,
  `week` int(11) DEFAULT NULL,
  `createdate` date DEFAULT NULL,
  `type` varchar(30) CHARACTER SET utf8 COLLATE utf8_general_ci DEFAULT NULL,
  `del` int(8) DEFAULT NULL,
  `count` int(11) DEFAULT NULL,
  PRIMARY KEY (`id`) USING BTREE
) ENGINE = InnoDB AUTO_INCREMENT = 105 CHARACTER SET = utf8 COLLATE = utf8_general_ci ROW_FORMAT = Compact;

-- ----------------------------
-- Records of t_course
-- ----------------------------
INSERT INTO `t_course` VALUES (1, '大数据', 1, 2, '2018-06-27', '普通', 0, NULL);
INSERT INTO `t_course` VALUES (2, 'JAVAEE分布式', 1, 8, '2018-11-07', '精品', 0, NULL);
INSERT INTO `t_course` VALUES (3, 'Python人工智能', 1, 9, '2018-11-07', '业余', 1, NULL);
INSERT INTO `t_course` VALUES (54, '数据结构', 1, 20, '2018-11-07', '业余', 0, NULL);
INSERT INTO `t_course` VALUES (55, 'HTML11', 1, 10, '2018-11-07', '精品', 0, NULL);
INSERT INTO `t_course` VALUES (56, 'HTML12', 1, 15, '2018-11-07', '精品', 1, NULL);
INSERT INTO `t_course` VALUES (57, 'HTML13', 1, 10, '2018-11-07', '精品', 1, NULL);
INSERT INTO `t_course` VALUES (58, 'HTML14', 1, 10, '2018-11-07', '精品', 0, NULL);
INSERT INTO `t_course` VALUES (59, 'HTML15', 1, 10, '2018-11-07', '精品', 0, NULL);
INSERT INTO `t_course` VALUES (60, 'HTML16', 1, 10, '2018-11-07', '精品', 0, NULL);
INSERT INTO `t_course` VALUES (61, 'HTML17', 1, 10, '2018-11-07', '精品', 0, NULL);
INSERT INTO `t_course` VALUES (62, 'HTML18', 1, 10, '2018-11-07', '精品', 0, NULL);
INSERT INTO `t_course` VALUES (63, 'HTML19', 1, 10, '2018-11-07', '精品', 0, NULL);
INSERT INTO `t_course` VALUES (64, 'HTML110', 1, 10, '2018-11-07', '精品', 0, NULL);
INSERT INTO `t_course` VALUES (65, 'HTML111', 1, 10, '2018-11-07', '精品', 0, NULL);
INSERT INTO `t_course` VALUES (66, 'HTML112', 1, 10, '2018-11-07', '精品', 0, NULL);
INSERT INTO `t_course` VALUES (67, 'HTML113', 1, 10, '2018-11-07', '精品', 0, NULL);
INSERT INTO `t_course` VALUES (68, 'HTML114', 1, 10, '2018-11-07', '精品', 0, NULL);
INSERT INTO `t_course` VALUES (69, 'HTML115', 1, 10, '2018-11-07', '精品', 0, NULL);
INSERT INTO `t_course` VALUES (70, 'HTML116', 1, 10, '2018-11-07', '精品', 0, NULL);
INSERT INTO `t_course` VALUES (71, 'HTML117', 1, 10, '2018-11-07', '精品', 0, NULL);
INSERT INTO `t_course` VALUES (72, 'HTML118', 1, 10, '2018-11-07', '精品', 0, NULL);
INSERT INTO `t_course` VALUES (73, 'HTML119', 1, 10, '2018-11-07', '精品', 0, NULL);
INSERT INTO `t_course` VALUES (74, 'HTML120', 1, 10, '2018-11-07', '精品', 0, NULL);
INSERT INTO `t_course` VALUES (75, 'HTML121', 1, 10, '2018-11-07', '精品', 0, NULL);
INSERT INTO `t_course` VALUES (76, 'HTML122', 1, 10, '2018-11-07', '精品', 0, NULL);
INSERT INTO `t_course` VALUES (77, 'HTML123', 1, 10, '2018-11-07', '精品', 0, NULL);
INSERT INTO `t_course` VALUES (78, 'HTML124', 1, 10, '2018-11-07', '精品', 0, NULL);
INSERT INTO `t_course` VALUES (79, 'HTML125', 1, 10, '2018-11-07', '精品', 0, NULL);
INSERT INTO `t_course` VALUES (80, 'HTML126', 1, 10, '2018-11-07', '精品', 0, NULL);
INSERT INTO `t_course` VALUES (81, 'HTML127', 1, 10, '2018-11-07', '精品', 0, NULL);
INSERT INTO `t_course` VALUES (82, 'HTML128', 1, 10, '2018-11-07', '精品', 0, NULL);
INSERT INTO `t_course` VALUES (83, 'HTML129', 1, 10, '2018-11-07', '精品', 0, NULL);
INSERT INTO `t_course` VALUES (84, 'HTML130', 1, 10, '2018-11-07', '精品', 0, NULL);
INSERT INTO `t_course` VALUES (85, 'HTML131', 1, 10, '2018-11-07', '精品', 0, NULL);
INSERT INTO `t_course` VALUES (86, 'HTML132', 1, 10, '2018-11-07', '精品', 0, NULL);
INSERT INTO `t_course` VALUES (87, 'HTML133', 1, 10, '2018-11-07', '精品', 0, NULL);
INSERT INTO `t_course` VALUES (88, 'HTML134', 1, 10, '2018-11-07', '精品', 0, NULL);
INSERT INTO `t_course` VALUES (89, 'HTML135', 1, 10, '2018-11-07', '精品', 0, NULL);
INSERT INTO `t_course` VALUES (90, 'HTML136', 1, 10, '2018-11-07', '精品', 0, NULL);
INSERT INTO `t_course` VALUES (91, 'HTML137', 1, 10, '2018-11-07', '精品', 0, NULL);
INSERT INTO `t_course` VALUES (92, 'HTML138', 1, 10, '2018-11-07', '精品', 0, NULL);
INSERT INTO `t_course` VALUES (93, 'HTML139', 1, 10, '2018-11-07', '精品', 0, NULL);
INSERT INTO `t_course` VALUES (94, 'HTML140', 1, 10, '2018-11-07', '精品', 0, NULL);
INSERT INTO `t_course` VALUES (95, 'HTML141', 1, 10, '2018-11-07', '精品', 0, NULL);
INSERT INTO `t_course` VALUES (96, 'HTML142', 1, 10, '2018-11-07', '精品', 0, NULL);
INSERT INTO `t_course` VALUES (97, 'HTML143', 1, 10, '2018-11-07', '精品', 0, NULL);
INSERT INTO `t_course` VALUES (98, 'HTML144', 1, 10, '2018-11-07', '精品', 0, NULL);
INSERT INTO `t_course` VALUES (99, 'HTML145', 1, 10, '2018-11-07', '精品', 0, NULL);
INSERT INTO `t_course` VALUES (100, 'HTML146', 1, 10, '2018-11-07', '精品', 1, NULL);
INSERT INTO `t_course` VALUES (101, 'HTML147', 1, 10, '2018-11-07', '精品', 0, NULL);
INSERT INTO `t_course` VALUES (102, 'HTML148', 1, 10, '2018-11-07', '精品', 0, NULL);
INSERT INTO `t_course` VALUES (103, 'HTML149', 1, 10, '2018-11-07', '精品', 1, NULL);
INSERT INTO `t_course` VALUES (104, '计算机网络', 1, 14, '2018-11-07', '精品', 0, NULL);

-- ----------------------------
-- Table structure for t_depart
-- ----------------------------
DROP TABLE IF EXISTS `t_depart`;
CREATE TABLE `t_depart`  (
  `id` int(11) NOT NULL AUTO_INCREMENT,
  `name` varchar(20) CHARACTER SET utf8 COLLATE utf8_general_ci DEFAULT NULL,
  `count` int(11) DEFAULT NULL,
  `createtime` date DEFAULT NULL,
  `flag` int(11) DEFAULT NULL,
  `del` int(14) DEFAULT NULL,
  PRIMARY KEY (`id`) USING BTREE
) ENGINE = InnoDB AUTO_INCREMENT = 5 CHARACTER SET = utf8 COLLATE = utf8_general_ci ROW_FORMAT = Compact;

-- ----------------------------
-- Records of t_depart
-- ----------------------------
INSERT INTO `t_depart` VALUES (1, '教学部门', 4, '2018-06-27', 1, 0);
INSERT INTO `t_depart` VALUES (2, '就业部', 1, '2018-06-27', 1, 0);
INSERT INTO `t_depart` VALUES (3, '计算机部门', 2, '2018-11-09', 1, 0);
INSERT INTO `t_depart` VALUES (4, '信息部', 0, '2018-11-09', 1, 0);

-- ----------------------------
-- Table structure for t_emp
-- ----------------------------
DROP TABLE IF EXISTS `t_emp`;
CREATE TABLE `t_emp`  (
  `id` int(11) NOT NULL AUTO_INCREMENT,
  `no` varchar(20) CHARACTER SET utf8 COLLATE utf8_general_ci NOT NULL,
  `name` varchar(20) CHARACTER SET utf8 COLLATE utf8_general_ci DEFAULT NULL,
  `did` int(11) DEFAULT NULL COMMENT '外键  部门ID',
  `flag` int(11) DEFAULT NULL,
  `sex` varchar(2) CHARACTER SET utf8 COLLATE utf8_general_ci DEFAULT NULL,
  `email` varchar(50) CHARACTER SET utf8 COLLATE utf8_general_ci DEFAULT NULL,
  `qq` varchar(20) CHARACTER SET utf8 COLLATE utf8_general_ci DEFAULT NULL,
  `phone` varchar(20) CHARACTER SET utf8 COLLATE utf8_general_ci DEFAULT NULL,
  `createdate` date DEFAULT NULL,
  `photo` varchar(100) CHARACTER SET utf8 COLLATE utf8_general_ci DEFAULT NULL,
  `del` int(4) DEFAULT NULL,
  PRIMARY KEY (`id`) USING BTREE
) ENGINE = InnoDB AUTO_INCREMENT = 9 CHARACTER SET = utf8 COLLATE = utf8_general_ci ROW_FORMAT = Compact;

-- ----------------------------
-- Records of t_emp
-- ----------------------------
INSERT INTO `t_emp` VALUES (1, 'qf000001', '张三', 1, 1, '男', 'zhansgan@163.com', '222321', '110', '2018-03-03', 'media/photo/2018-11-09/20181109194256474_9.jpg', 1);
INSERT INTO `t_emp` VALUES (2, '123', '鲜花', 1, 1, '男', '123123', '123123', '123123', '2018-11-09', 'media/photo/2018-11-09/20181109194101050_3.jpg', 0);
INSERT INTO `t_emp` VALUES (3, '123123123', '小王', 3, 1, '男', '123213', '123123', '123123', '2018-11-09', 'media/photo/2018-11-09/20181109193907327_9.jpg', 0);
INSERT INTO `t_emp` VALUES (4, '435234', '小明', 1, 1, '男', '123434', '12334324', '34123234', '2018-11-09', 'media/photo/2018-11-09/20181109191651542_8.jpg', 0);
INSERT INTO `t_emp` VALUES (5, '5456', '小花', 2, 1, '男', '43534', '4234234', '23423523', '2018-11-09', 'media/photo/2018-11-09/20181109191141663_14.jpg', 0);
INSERT INTO `t_emp` VALUES (6, '123123', '是多少', 1, 1, '男', '12312', '123123', '342234', '2018-11-09', 'media/photo/2018-11-09/20181109191322689_13.jpg', 1);
INSERT INTO `t_emp` VALUES (7, '342213', '李四', 3, 1, '男', '34234', '123124', '435234', '2018-11-09', 'media/photo/2018-11-09/20181109194138411_1.jpg', 1);
INSERT INTO `t_emp` VALUES (8, '', '', 3, 1, '男', '', '', '', NULL, '', 0);

-- ----------------------------
-- Table structure for t_excuteinfo
-- ----------------------------
DROP TABLE IF EXISTS `t_excuteinfo`;
CREATE TABLE `t_excuteinfo`  (
  `id` int(10) NOT NULL AUTO_INCREMENT,
  `startdate` varchar(30) CHARACTER SET utf8 COLLATE utf8_general_ci DEFAULT NULL,
  `enddate` varchar(30) CHARACTER SET utf8 COLLATE utf8_general_ci DEFAULT NULL,
  `days` varchar(10) CHARACTER SET utf8 COLLATE utf8_general_ci DEFAULT NULL,
  `type` varchar(20) CHARACTER SET utf8 COLLATE utf8_general_ci DEFAULT NULL,
  `remark` varchar(255) CHARACTER SET utf8 COLLATE utf8_general_ci DEFAULT NULL,
  `rebackInfo` varchar(255) CHARACTER SET utf8 COLLATE utf8_general_ci DEFAULT NULL,
  `applyId` int(11) DEFAULT NULL,
  `excuteId` int(11) DEFAULT NULL,
  PRIMARY KEY (`id`) USING BTREE
) ENGINE = InnoDB AUTO_INCREMENT = 1 CHARACTER SET = utf8 COLLATE = utf8_general_ci ROW_FORMAT = Compact;

-- ----------------------------
-- Table structure for t_grade
-- ----------------------------
DROP TABLE IF EXISTS `t_grade`;
CREATE TABLE `t_grade`  (
  `id` int(11) NOT NULL AUTO_INCREMENT,
  `name` varchar(20) CHARACTER SET utf8 COLLATE utf8_general_ci DEFAULT NULL,
  `count` int(30) DEFAULT NULL,
  `flag` int(11) DEFAULT NULL,
  `week` int(11) DEFAULT NULL,
  `createdate` date DEFAULT NULL,
  `location` varchar(50) CHARACTER SET utf8 COLLATE utf8_general_ci DEFAULT NULL,
  `cid` int(11) DEFAULT NULL,
  `del` int(11) DEFAULT NULL,
  `teacherId` int(11) DEFAULT NULL COMMENT '班主任的用户id',
  `daoyuanId` int(11) DEFAULT NULL COMMENT '辅导员的用户id',
  PRIMARY KEY (`id`) USING BTREE,
  INDEX `FK_cid`(`cid`) USING BTREE,
  CONSTRAINT `FK_cid` FOREIGN KEY (`cid`) REFERENCES `t_course` (`id`) ON DELETE RESTRICT ON UPDATE RESTRICT
) ENGINE = InnoDB AUTO_INCREMENT = 7 CHARACTER SET = utf8 COLLATE = utf8_general_ci ROW_FORMAT = Compact;

-- ----------------------------
-- Records of t_grade
-- ----------------------------
INSERT INTO `t_grade` VALUES (1, 'JAVA1805', 8, 1, 50, '2012-06-06', '海为科技园10楼1801', 3, 0, 1, 2);
INSERT INTO `t_grade` VALUES (2, 'JAVA1806', 0, 1, 2, '2018-06-27', '海为科技园10楼1802', 1, 0, 1, 2);
INSERT INTO `t_grade` VALUES (3, 'JAVA8003', 19, 1, 56, '2018-11-14', '海为科技园10楼1803', 54, 0, 1, 2);
INSERT INTO `t_grade` VALUES (4, '一班', 4, 1, 16, '2018-11-07', '成都', 56, 0, 1, 2);
INSERT INTO `t_grade` VALUES (5, 'pathon', 1, 1, 12, '2018-11-08', '成都', 2, 0, 1, 2);
INSERT INTO `t_grade` VALUES (6, '二班', 0, 1, 16, '2018-11-02', '成都', 54, 0, 1, 2);

-- ----------------------------
-- Table structure for t_loginlog
-- ----------------------------
DROP TABLE IF EXISTS `t_loginlog`;
CREATE TABLE `t_loginlog`  (
  `id` bigint(20) NOT NULL AUTO_INCREMENT,
  `ip` varchar(20) CHARACTER SET utf8 COLLATE utf8_general_ci DEFAULT NULL,
  `no` varchar(20) CHARACTER SET utf8 COLLATE utf8_general_ci DEFAULT NULL,
  `createtime` varchar(50) CHARACTER SET utf8 COLLATE utf8_general_ci DEFAULT NULL,
  `location` varchar(255) CHARACTER SET utf8 COLLATE utf8_general_ci DEFAULT NULL,
  PRIMARY KEY (`id`) USING BTREE
) ENGINE = InnoDB AUTO_INCREMENT = 399 CHARACTER SET = utf8 COLLATE = utf8_general_ci ROW_FORMAT = Compact;

-- ----------------------------
-- Records of t_loginlog
-- ----------------------------
INSERT INTO `t_loginlog` VALUES (65, '127.0.0.1', 'admin', '2018-11-09 18:48:03', '本机地址  ');
INSERT INTO `t_loginlog` VALUES (66, '127.0.0.1', 'weibo', '2018-11-09 19:02:12', '免费用户24小时内访问超过规定数量。联系我们：http://www.webxml.com.cn/');
INSERT INTO `t_loginlog` VALUES (67, '127.0.0.1', 'weibo', '2018-11-09 19:03:19', '免费用户24小时内访问超过规定数量。联系我们：http://www.webxml.com.cn/');
INSERT INTO `t_loginlog` VALUES (68, '127.0.0.1', 'admin', '2018-11-09 19:03:48', '免费用户24小时内访问超过规定数量。联系我们：http://www.webxml.com.cn/');
INSERT INTO `t_loginlog` VALUES (69, '127.0.0.1', 'admin', '2018-11-09 19:11:06', '免费用户24小时内访问超过规定数量。联系我们：http://www.webxml.com.cn/');
INSERT INTO `t_loginlog` VALUES (70, '127.0.0.1', 'admin', '2018-11-09 19:16:08', '免费用户24小时内访问超过规定数量。联系我们：http://www.webxml.com.cn/');
INSERT INTO `t_loginlog` VALUES (71, '127.0.0.1', 'admin', '2018-11-09 19:27:13', '免费用户24小时内访问超过规定数量。联系我们：http://www.webxml.com.cn/');
INSERT INTO `t_loginlog` VALUES (72, '127.0.0.1', 'admin', '2018-11-09 19:36:16', '免费用户24小时内访问超过规定数量。联系我们：http://www.webxml.com.cn/');
INSERT INTO `t_loginlog` VALUES (73, '127.0.0.1', 'admin', '2018-11-09 19:52:08', '免费用户24小时内访问超过规定数量。联系我们：http://www.webxml.com.cn/');
INSERT INTO `t_loginlog` VALUES (74, '127.0.0.1', 'admin', '2018-11-09 20:02:18', '免费用户24小时内访问超过规定数量。联系我们：http://www.webxml.com.cn/');
INSERT INTO `t_loginlog` VALUES (75, '127.0.0.1', 'admin', '2018-11-09 20:22:56', '免费用户24小时内访问超过规定数量。联系我们：http://www.webxml.com.cn/');
INSERT INTO `t_loginlog` VALUES (76, '127.0.0.1', 'admin', '2018-11-09 20:28:33', '免费用户24小时内访问超过规定数量。联系我们：http://www.webxml.com.cn/');
INSERT INTO `t_loginlog` VALUES (77, '127.0.0.1', 'admin', '2018-11-09 20:29:06', '免费用户24小时内访问超过规定数量。联系我们：http://www.webxml.com.cn/');
INSERT INTO `t_loginlog` VALUES (78, '127.0.0.1', 'admin', '2018-11-09 20:29:35', '免费用户24小时内访问超过规定数量。联系我们：http://www.webxml.com.cn/');
INSERT INTO `t_loginlog` VALUES (79, '127.0.0.1', 'admin', '2018-11-09 20:30:27', '免费用户24小时内访问超过规定数量。联系我们：http://www.webxml.com.cn/');
INSERT INTO `t_loginlog` VALUES (80, '127.0.0.1', 'admin', '2018-11-09 20:30:48', '免费用户24小时内访问超过规定数量。联系我们：http://www.webxml.com.cn/');
INSERT INTO `t_loginlog` VALUES (81, '127.0.0.1', 'admin', '2018-11-09 20:32:08', '免费用户24小时内访问超过规定数量。联系我们：http://www.webxml.com.cn/');
INSERT INTO `t_loginlog` VALUES (82, '127.0.0.1', 'admin', '2018-11-09 20:46:26', '免费用户24小时内访问超过规定数量。联系我们：http://www.webxml.com.cn/');
INSERT INTO `t_loginlog` VALUES (83, '127.0.0.1', 'admin', '2018-11-09 21:02:53', '免费用户24小时内访问超过规定数量。联系我们：http://www.webxml.com.cn/');
INSERT INTO `t_loginlog` VALUES (84, '127.0.0.1', 'weibo', '2018-11-09 21:03:19', '免费用户24小时内访问超过规定数量。联系我们：http://www.webxml.com.cn/');
INSERT INTO `t_loginlog` VALUES (85, '127.0.0.1', 'admin', '2018-11-09 21:04:29', '免费用户24小时内访问超过规定数量。联系我们：http://www.webxml.com.cn/');
INSERT INTO `t_loginlog` VALUES (86, '127.0.0.1', 'admin', '2018-11-09 21:10:39', '免费用户24小时内访问超过规定数量。联系我们：http://www.webxml.com.cn/');
INSERT INTO `t_loginlog` VALUES (87, '127.0.0.1', 'weibo', '2018-11-09 21:10:57', '免费用户24小时内访问超过规定数量。联系我们：http://www.webxml.com.cn/');
INSERT INTO `t_loginlog` VALUES (88, '127.0.0.1', 'admin', '2018-11-09 21:11:54', '免费用户24小时内访问超过规定数量。联系我们：http://www.webxml.com.cn/');
INSERT INTO `t_loginlog` VALUES (89, '127.0.0.1', 'admin', '2018-11-09 21:12:10', '免费用户24小时内访问超过规定数量。联系我们：http://www.webxml.com.cn/');
INSERT INTO `t_loginlog` VALUES (90, '127.0.0.1', 'weibo', '2018-11-09 21:12:34', '免费用户24小时内访问超过规定数量。联系我们：http://www.webxml.com.cn/');
INSERT INTO `t_loginlog` VALUES (91, '127.0.0.1', 'admin', '2018-11-09 21:14:05', '免费用户24小时内访问超过规定数量。联系我们：http://www.webxml.com.cn/');
INSERT INTO `t_loginlog` VALUES (92, '127.0.0.1', 'weibo', '2018-11-09 21:14:25', '免费用户24小时内访问超过规定数量。联系我们：http://www.webxml.com.cn/');
INSERT INTO `t_loginlog` VALUES (93, '127.0.0.1', 'admin', '2018-11-09 21:17:10', '免费用户24小时内访问超过规定数量。联系我们：http://www.webxml.com.cn/');
INSERT INTO `t_loginlog` VALUES (94, '127.0.0.1', 'weibo', '2018-11-09 21:17:25', '免费用户24小时内访问超过规定数量。联系我们：http://www.webxml.com.cn/');
INSERT INTO `t_loginlog` VALUES (95, '10.7.189.97', 'admin', '2018-11-09 21:19:32', '免费用户24小时内访问超过规定数量。联系我们：http://www.webxml.com.cn/');
INSERT INTO `t_loginlog` VALUES (96, '127.0.0.1', 'admin', '2018-11-09 21:20:52', '免费用户24小时内访问超过规定数量。联系我们：http://www.webxml.com.cn/');
INSERT INTO `t_loginlog` VALUES (97, '10.7.189.97', 'admin', '2018-11-09 21:21:05', '免费用户24小时内访问超过规定数量。联系我们：http://www.webxml.com.cn/');
INSERT INTO `t_loginlog` VALUES (98, '10.7.189.97', 'admin', '2018-11-09 21:22:59', '免费用户24小时内访问超过规定数量。联系我们：http://www.webxml.com.cn/');
INSERT INTO `t_loginlog` VALUES (99, '127.0.0.1', 'admin', '2018-11-09 21:23:01', '免费用户24小时内访问超过规定数量。联系我们：http://www.webxml.com.cn/');
INSERT INTO `t_loginlog` VALUES (100, '127.0.0.1', 'weibo', '2018-11-09 21:23:29', '免费用户24小时内访问超过规定数量。联系我们：http://www.webxml.com.cn/');
INSERT INTO `t_loginlog` VALUES (101, '127.0.0.1', 'admin', '2018-11-12 15:15:03', '本机地址  ');
INSERT INTO `t_loginlog` VALUES (102, '127.0.0.1', 'weibo', '2018-11-12 15:17:41', '本机地址  ');
INSERT INTO `t_loginlog` VALUES (103, '127.0.0.1', 'admin', '2018-11-12 17:01:45', '本机地址  ');
INSERT INTO `t_loginlog` VALUES (104, '127.0.0.1', 'weibo', '2018-11-12 17:02:57', '本机地址  ');
INSERT INTO `t_loginlog` VALUES (105, '127.0.0.1', 'weibo', '2018-11-12 17:02:54', '本机地址  ');
INSERT INTO `t_loginlog` VALUES (106, '0:0:0:0:0:0:0:1', 'admin', '2018-11-12 17:26:47', '商业用户不能通过验证。联系我们：http://www.webxml.com.cn/');
INSERT INTO `t_loginlog` VALUES (107, '127.0.0.1', 'admin', '2018-11-12 21:08:49', '四川省成都市');
INSERT INTO `t_loginlog` VALUES (108, '127.0.0.1', 'admin', '2018-11-12 21:11:31', '四川省成都市');
INSERT INTO `t_loginlog` VALUES (109, '127.0.0.1', 'admin', '2018-11-12 21:59:48', '四川省成都市');
INSERT INTO `t_loginlog` VALUES (110, '127.0.0.1', 'admin', '2018-11-12 22:06:30', '四川省成都市');
INSERT INTO `t_loginlog` VALUES (111, '127.0.0.1', 'admin', '2018-11-12 22:20:41', '四川省成都市');
INSERT INTO `t_loginlog` VALUES (112, '127.0.0.1', 'admin', '2018-11-12 22:34:17', '四川省成都市');
INSERT INTO `t_loginlog` VALUES (113, '127.0.0.1', 'admin', '2018-11-12 22:38:17', '四川省成都市');
INSERT INTO `t_loginlog` VALUES (114, '127.0.0.1', 'admin', '2018-11-12 23:21:56', '四川省成都市');
INSERT INTO `t_loginlog` VALUES (115, '127.0.0.1', 'admin', '2018-11-12 23:23:32', '四川省成都市');
INSERT INTO `t_loginlog` VALUES (116, '127.0.0.1', 'admin', '2018-11-12 23:25:28', '四川省成都市');
INSERT INTO `t_loginlog` VALUES (117, '127.0.0.1', 'admin', '2018-11-12 23:28:32', '四川省成都市');
INSERT INTO `t_loginlog` VALUES (118, '127.0.0.1', 'admin', '2018-11-12 23:32:56', '四川省成都市');
INSERT INTO `t_loginlog` VALUES (119, '127.0.0.1', 'admin', '2018-11-13 09:29:14', '本机地址  ');
INSERT INTO `t_loginlog` VALUES (120, '127.0.0.1', 'admin', '2018-11-13 09:37:50', '本机地址  ');
INSERT INTO `t_loginlog` VALUES (121, '127.0.0.1', 'admin', '2018-11-13 09:43:48', '本机地址  ');
INSERT INTO `t_loginlog` VALUES (122, '127.0.0.1', 'admin', '2018-11-13 09:51:47', NULL);
INSERT INTO `t_loginlog` VALUES (123, '10.7.189.99', 'admin', '2018-11-13 09:51:57', '四川省成都市');
INSERT INTO `t_loginlog` VALUES (124, '127.0.0.1', 'admin', '2018-11-13 09:52:03', '四川省成都市');
INSERT INTO `t_loginlog` VALUES (125, '127.0.0.1', 'admin', '2018-11-13 10:11:51', '四川省成都市');
INSERT INTO `t_loginlog` VALUES (126, '127.0.0.1', 'admin', '2018-11-13 10:19:01', '四川省成都市');
INSERT INTO `t_loginlog` VALUES (127, '127.0.0.1', 'admin', '2018-11-13 10:35:19', '四川省成都市');
INSERT INTO `t_loginlog` VALUES (128, '127.0.0.1', 'admin', '2018-11-13 10:38:03', '四川省成都市');
INSERT INTO `t_loginlog` VALUES (129, '127.0.0.1', 'admin', '2018-11-13 11:06:49', '四川省成都市');
INSERT INTO `t_loginlog` VALUES (130, '127.0.0.1', 'admin', '2018-11-13 11:10:37', '四川省成都市');
INSERT INTO `t_loginlog` VALUES (131, '127.0.0.1', 'admin', '2018-11-13 11:21:16', '四川省成都市');
INSERT INTO `t_loginlog` VALUES (132, '127.0.0.1', 'admin', '2018-11-13 11:43:02', '四川省成都市');
INSERT INTO `t_loginlog` VALUES (133, '10.7.189.53', 'admin', '2018-11-13 11:43:43', '四川省成都市');
INSERT INTO `t_loginlog` VALUES (134, '127.0.0.1', 'admin', '2018-11-13 11:46:05', '四川省成都市');
INSERT INTO `t_loginlog` VALUES (135, '127.0.0.1', 'admin', '2018-11-13 11:48:51', '四川省成都市');
INSERT INTO `t_loginlog` VALUES (136, '10.7.189.81', 'admin', '2018-11-13 11:54:21', '四川省成都市');
INSERT INTO `t_loginlog` VALUES (137, '127.0.0.1', 'admin', '2018-11-13 11:55:10', '四川省成都市');
INSERT INTO `t_loginlog` VALUES (138, '10.7.189.99', 'admin', '2018-11-13 12:02:05', '四川省成都市');
INSERT INTO `t_loginlog` VALUES (139, '127.0.0.1', 'admin', '2018-11-13 12:02:12', '四川省成都市');
INSERT INTO `t_loginlog` VALUES (140, '10.7.189.53', 'admin', '2018-11-13 12:10:33', '四川省成都市');
INSERT INTO `t_loginlog` VALUES (141, '127.0.0.1', 'admin', '2018-11-13 12:10:39', '四川省成都市');
INSERT INTO `t_loginlog` VALUES (142, '10.7.189.65', 'admin', '2018-11-13 12:10:41', '四川省成都市');
INSERT INTO `t_loginlog` VALUES (143, '127.0.0.1', 'admin', '2018-11-13 12:19:35', '四川省成都市');
INSERT INTO `t_loginlog` VALUES (144, '10.7.189.53', 'admin', '2018-11-13 12:19:35', '四川省成都市');
INSERT INTO `t_loginlog` VALUES (145, '10.7.189.65', 'admin', '2018-11-13 12:19:43', '四川省成都市');
INSERT INTO `t_loginlog` VALUES (146, '127.0.0.1', 'admin', '2018-11-13 14:07:52', '四川省成都市');
INSERT INTO `t_loginlog` VALUES (147, '10.7.189.53', 'admin', '2018-11-13 14:23:02', '四川省成都市');
INSERT INTO `t_loginlog` VALUES (148, '127.0.0.1', 'admin', '2018-11-13 17:37:52', '四川省成都市');
INSERT INTO `t_loginlog` VALUES (149, '127.0.0.1', 'weibo', '2018-11-13 17:39:02', '四川省成都市');
INSERT INTO `t_loginlog` VALUES (150, '127.0.0.1', 'admin', '2018-11-13 17:49:55', '四川省成都市');
INSERT INTO `t_loginlog` VALUES (151, '0:0:0:0:0:0:0:1', 'admin', '2018-11-14 09:49:55', '四川省成都市');
INSERT INTO `t_loginlog` VALUES (152, '0:0:0:0:0:0:0:1', 'weibo', '2018-11-14 09:50:21', '四川省成都市');
INSERT INTO `t_loginlog` VALUES (153, '0:0:0:0:0:0:0:1', 'weibo', '2018-11-14 09:52:02', '四川省成都市');
INSERT INTO `t_loginlog` VALUES (154, '0:0:0:0:0:0:0:1', 'admin', '2018-11-14 09:52:42', '四川省成都市');
INSERT INTO `t_loginlog` VALUES (155, '0:0:0:0:0:0:0:1', 'admin', '2018-11-14 09:55:01', '四川省成都市');
INSERT INTO `t_loginlog` VALUES (156, '0:0:0:0:0:0:0:1', 'admin', '2018-11-14 10:10:38', '四川省成都市');
INSERT INTO `t_loginlog` VALUES (157, '0:0:0:0:0:0:0:1', 'admin', '2018-11-14 10:10:58', '四川省成都市');
INSERT INTO `t_loginlog` VALUES (158, '0:0:0:0:0:0:0:1', 'admin', '2018-11-14 10:14:49', '四川省成都市');
INSERT INTO `t_loginlog` VALUES (159, '0:0:0:0:0:0:0:1', 'admin', '2018-11-14 10:25:41', '四川省成都市');
INSERT INTO `t_loginlog` VALUES (160, '0:0:0:0:0:0:0:1', 'admin', '2018-11-14 10:40:39', '四川省成都市');
INSERT INTO `t_loginlog` VALUES (161, '0:0:0:0:0:0:0:1', 'admin', '2018-11-14 10:52:52', '四川省成都市');
INSERT INTO `t_loginlog` VALUES (162, '0:0:0:0:0:0:0:1', 'admin', '2018-11-14 11:20:43', '四川省成都市');
INSERT INTO `t_loginlog` VALUES (163, '0:0:0:0:0:0:0:1', 'admin', '2018-11-14 11:32:51', '四川省成都市');
INSERT INTO `t_loginlog` VALUES (164, '0:0:0:0:0:0:0:1', 'admin', '2018-11-14 14:30:34', '四川省成都市');
INSERT INTO `t_loginlog` VALUES (165, '0:0:0:0:0:0:0:1', 'admin', '2018-11-14 14:33:58', '四川省成都市');
INSERT INTO `t_loginlog` VALUES (166, '0:0:0:0:0:0:0:1', 'admin', '2018-11-14 14:35:05', '四川省成都市');
INSERT INTO `t_loginlog` VALUES (167, '0:0:0:0:0:0:0:1', 'admin', '2018-11-14 14:38:27', '四川省成都市');
INSERT INTO `t_loginlog` VALUES (168, '0:0:0:0:0:0:0:1', 'admin', '2018-11-14 14:42:15', '四川省成都市');
INSERT INTO `t_loginlog` VALUES (169, '0:0:0:0:0:0:0:1', 'admin', '2018-11-14 15:09:17', '四川省成都市');
INSERT INTO `t_loginlog` VALUES (170, '0:0:0:0:0:0:0:1', 'admin', '2018-11-14 15:12:02', '四川省成都市');
INSERT INTO `t_loginlog` VALUES (171, '0:0:0:0:0:0:0:1', 'admin', '2018-11-14 15:45:01', '四川省成都市');
INSERT INTO `t_loginlog` VALUES (172, '0:0:0:0:0:0:0:1', 'admin', '2018-11-14 16:02:17', '四川省成都市');
INSERT INTO `t_loginlog` VALUES (173, '0:0:0:0:0:0:0:1', 'admin', '2018-11-14 16:18:31', '四川省成都市');
INSERT INTO `t_loginlog` VALUES (174, '0:0:0:0:0:0:0:1', 'admin', '2018-11-14 16:19:32', '四川省成都市');
INSERT INTO `t_loginlog` VALUES (175, '0:0:0:0:0:0:0:1', 'admin', '2018-11-14 16:35:18', '四川省成都市');
INSERT INTO `t_loginlog` VALUES (176, '0:0:0:0:0:0:0:1', 'admin', '2018-11-14 16:58:46', '四川省成都市');
INSERT INTO `t_loginlog` VALUES (177, '0:0:0:0:0:0:0:1', 'admin', '2018-11-14 17:30:28', '四川省成都市');
INSERT INTO `t_loginlog` VALUES (178, '0:0:0:0:0:0:0:1', 'admin', '2018-11-14 17:48:11', '四川省成都市');
INSERT INTO `t_loginlog` VALUES (179, '0:0:0:0:0:0:0:1', 'admin', '2018-11-16 09:56:47', '四川省成都市');
INSERT INTO `t_loginlog` VALUES (180, '0:0:0:0:0:0:0:1', 'admin', '2018-11-16 10:00:06', '四川省成都市');
INSERT INTO `t_loginlog` VALUES (181, '0:0:0:0:0:0:0:1', 'admin', '2018-11-16 10:00:26', '四川省成都市');
INSERT INTO `t_loginlog` VALUES (182, '0:0:0:0:0:0:0:1', 'admin', '2018-11-16 10:01:18', '四川省成都市');
INSERT INTO `t_loginlog` VALUES (183, '0:0:0:0:0:0:0:1', 'admin', '2018-11-16 10:01:51', '四川省成都市');
INSERT INTO `t_loginlog` VALUES (184, '0:0:0:0:0:0:0:1', 'admin', '2018-11-16 10:06:03', '四川省成都市');
INSERT INTO `t_loginlog` VALUES (185, '0:0:0:0:0:0:0:1', 'admin', '2018-11-16 10:48:51', '四川省成都市');
INSERT INTO `t_loginlog` VALUES (186, '0:0:0:0:0:0:0:1', 'admin', '2018-11-16 14:25:17', '四川省成都市');
INSERT INTO `t_loginlog` VALUES (187, '0:0:0:0:0:0:0:1', 'admin', '2018-11-16 14:26:09', '四川省成都市');
INSERT INTO `t_loginlog` VALUES (188, '0:0:0:0:0:0:0:1', 'admin', '2018-11-16 14:49:43', '四川省成都市');
INSERT INTO `t_loginlog` VALUES (189, '0:0:0:0:0:0:0:1', 'admin', '2018-11-16 15:01:02', '四川省成都市');
INSERT INTO `t_loginlog` VALUES (190, '0:0:0:0:0:0:0:1', 'admin', '2018-11-16 15:07:02', '四川省成都市');
INSERT INTO `t_loginlog` VALUES (191, '0:0:0:0:0:0:0:1', 'admin', '2018-11-16 15:11:33', '四川省成都市');
INSERT INTO `t_loginlog` VALUES (192, '0:0:0:0:0:0:0:1', 'admin', '2018-11-16 15:12:54', '四川省成都市');
INSERT INTO `t_loginlog` VALUES (193, '0:0:0:0:0:0:0:1', 'admin', '2018-11-16 15:22:08', '四川省成都市');
INSERT INTO `t_loginlog` VALUES (194, '0:0:0:0:0:0:0:1', 'admin', '2018-11-16 15:25:04', '');
INSERT INTO `t_loginlog` VALUES (195, '0:0:0:0:0:0:0:1', 'admin', '2018-11-16 15:28:21', '四川省成都市');
INSERT INTO `t_loginlog` VALUES (196, '0:0:0:0:0:0:0:1', 'admin', '2018-11-16 15:51:23', '');
INSERT INTO `t_loginlog` VALUES (197, '0:0:0:0:0:0:0:1', 'admin', '2018-11-16 16:11:16', '四川省成都市');
INSERT INTO `t_loginlog` VALUES (198, '0:0:0:0:0:0:0:1', '500108199608254012', '2018-11-16 16:12:40', '四川省成都市');
INSERT INTO `t_loginlog` VALUES (199, '0:0:0:0:0:0:0:1', 'admin', '2018-11-16 16:30:24', '四川省成都市');
INSERT INTO `t_loginlog` VALUES (200, '0:0:0:0:0:0:0:1', 'admin', '2018-11-16 18:57:30', '重庆市重庆市');
INSERT INTO `t_loginlog` VALUES (201, '0:0:0:0:0:0:0:1', 'admin', '2018-11-16 19:59:16', '四川省成都市');
INSERT INTO `t_loginlog` VALUES (202, '0:0:0:0:0:0:0:1', 'admin', '2018-11-16 20:00:05', '四川省成都市');
INSERT INTO `t_loginlog` VALUES (203, '0:0:0:0:0:0:0:1', 'admin', '2018-11-16 20:03:58', '四川省成都市');
INSERT INTO `t_loginlog` VALUES (204, '0:0:0:0:0:0:0:1', 'admin', '2018-11-19 12:11:14', '');
INSERT INTO `t_loginlog` VALUES (205, '0:0:0:0:0:0:0:1', 'admin', '2018-11-19 13:55:17', '');
INSERT INTO `t_loginlog` VALUES (206, '0:0:0:0:0:0:0:1', 'admin', '2018-11-19 15:06:02', '四川省成都市');
INSERT INTO `t_loginlog` VALUES (207, '0:0:0:0:0:0:0:1', 'admin', '2018-11-19 15:22:54', '四川省成都市');
INSERT INTO `t_loginlog` VALUES (208, '0:0:0:0:0:0:0:1', 'admin', '2018-11-19 15:24:34', '');
INSERT INTO `t_loginlog` VALUES (209, '0:0:0:0:0:0:0:1', 'admin', '2018-11-19 15:24:45', '四川省成都市');
INSERT INTO `t_loginlog` VALUES (210, '0:0:0:0:0:0:0:1', 'admin', '2018-11-19 15:33:29', '四川省成都市');
INSERT INTO `t_loginlog` VALUES (211, '0:0:0:0:0:0:0:1', 'admin', '2018-11-19 15:38:36', '四川省成都市');
INSERT INTO `t_loginlog` VALUES (212, '0:0:0:0:0:0:0:1', 'admin', '2018-11-19 16:07:54', '四川省成都市');
INSERT INTO `t_loginlog` VALUES (213, '0:0:0:0:0:0:0:1', 'admin', '2018-11-19 16:14:30', '四川省成都市');
INSERT INTO `t_loginlog` VALUES (214, '0:0:0:0:0:0:0:1', 'admin', '2018-11-19 16:17:43', '四川省成都市');
INSERT INTO `t_loginlog` VALUES (215, '0:0:0:0:0:0:0:1', 'admin', '2018-11-19 16:21:15', '四川省成都市');
INSERT INTO `t_loginlog` VALUES (216, '0:0:0:0:0:0:0:1', 'admin', '2018-11-19 16:24:07', '四川省成都市');
INSERT INTO `t_loginlog` VALUES (217, '0:0:0:0:0:0:0:1', 'admin', '2018-11-19 16:28:54', '四川省成都市');
INSERT INTO `t_loginlog` VALUES (218, '0:0:0:0:0:0:0:1', 'admin', '2018-11-19 16:33:26', '四川省成都市');
INSERT INTO `t_loginlog` VALUES (219, '0:0:0:0:0:0:0:1', 'admin', '2018-11-19 16:35:24', '四川省成都市');
INSERT INTO `t_loginlog` VALUES (220, '0:0:0:0:0:0:0:1', 'admin', '2018-11-19 16:40:04', '四川省成都市');
INSERT INTO `t_loginlog` VALUES (221, '0:0:0:0:0:0:0:1', 'admin', '2018-11-19 16:49:29', '四川省成都市');
INSERT INTO `t_loginlog` VALUES (222, '0:0:0:0:0:0:0:1', 'admin', '2018-11-19 16:55:42', '四川省成都市');
INSERT INTO `t_loginlog` VALUES (223, '0:0:0:0:0:0:0:1', 'admin', '2018-11-19 16:57:25', '四川省成都市');
INSERT INTO `t_loginlog` VALUES (224, '0:0:0:0:0:0:0:1', 'admin', '2018-11-19 17:33:08', '');
INSERT INTO `t_loginlog` VALUES (225, '0:0:0:0:0:0:0:1', 'admin', '2018-11-19 18:31:57', '');
INSERT INTO `t_loginlog` VALUES (226, '0:0:0:0:0:0:0:1', '500108199608254012', '2018-11-19 18:42:02', '');
INSERT INTO `t_loginlog` VALUES (227, '0:0:0:0:0:0:0:1', 'admin', '2018-11-19 18:42:32', '四川省成都市');
INSERT INTO `t_loginlog` VALUES (228, '0:0:0:0:0:0:0:1', '500108199608254012', '2018-11-19 18:43:37', '四川省成都市');
INSERT INTO `t_loginlog` VALUES (229, '0:0:0:0:0:0:0:1', '500108199608254012', '2018-11-19 18:46:00', '四川省成都市');
INSERT INTO `t_loginlog` VALUES (230, '0:0:0:0:0:0:0:1', '500108199608254012', '2018-11-19 19:13:11', '');
INSERT INTO `t_loginlog` VALUES (231, '0:0:0:0:0:0:0:1', 'admin', '2018-11-19 19:14:25', '');
INSERT INTO `t_loginlog` VALUES (232, '0:0:0:0:0:0:0:1', '500108199608254012', '2018-11-19 19:15:21', '');
INSERT INTO `t_loginlog` VALUES (233, '0:0:0:0:0:0:0:1', '500108199608254012', '2018-11-19 19:22:14', '');
INSERT INTO `t_loginlog` VALUES (234, '0:0:0:0:0:0:0:1', '500108199608254012', '2018-11-19 19:23:58', '');
INSERT INTO `t_loginlog` VALUES (235, '0:0:0:0:0:0:0:1', '500108199608254012', '2018-11-19 19:26:03', '四川省成都市');
INSERT INTO `t_loginlog` VALUES (236, '0:0:0:0:0:0:0:1', '500108199608254012', '2018-11-19 19:34:32', '');
INSERT INTO `t_loginlog` VALUES (237, '0:0:0:0:0:0:0:1', 'admin', '2018-11-19 19:45:21', '');
INSERT INTO `t_loginlog` VALUES (238, '0:0:0:0:0:0:0:1', 'admin', '2018-11-19 19:48:20', '');
INSERT INTO `t_loginlog` VALUES (239, '0:0:0:0:0:0:0:1', 'admin', '2018-11-19 19:52:43', '四川省成都市');
INSERT INTO `t_loginlog` VALUES (240, '0:0:0:0:0:0:0:1', '500108199608254012', '2018-11-19 19:53:40', '');
INSERT INTO `t_loginlog` VALUES (241, '0:0:0:0:0:0:0:1', '500108199608254012', '2018-11-19 20:12:49', '四川省成都市');
INSERT INTO `t_loginlog` VALUES (242, '0:0:0:0:0:0:0:1', 'admin', '2018-11-19 20:13:30', '');
INSERT INTO `t_loginlog` VALUES (243, '0:0:0:0:0:0:0:1', '500108199608254012', '2018-11-19 20:15:02', '四川省成都市');
INSERT INTO `t_loginlog` VALUES (244, '0:0:0:0:0:0:0:1', '500108199608254012', '2018-11-19 20:19:54', '四川省成都市');
INSERT INTO `t_loginlog` VALUES (245, '0:0:0:0:0:0:0:1', 'admin', '2018-11-19 20:21:37', '');
INSERT INTO `t_loginlog` VALUES (246, '0:0:0:0:0:0:0:1', '500108199608254012', '2018-11-19 20:22:38', '四川省成都市');
INSERT INTO `t_loginlog` VALUES (247, '0:0:0:0:0:0:0:1', '500108199608254012', '2018-11-19 20:32:11', '');
INSERT INTO `t_loginlog` VALUES (248, '0:0:0:0:0:0:0:1', 'admin', '2018-11-19 20:38:11', '四川省成都市');
INSERT INTO `t_loginlog` VALUES (249, '0:0:0:0:0:0:0:1', '500108199608254012', '2018-11-19 20:38:30', '四川省成都市');
INSERT INTO `t_loginlog` VALUES (250, '0:0:0:0:0:0:0:1', 'admin', '2018-11-19 20:40:25', '四川省成都市');
INSERT INTO `t_loginlog` VALUES (251, '0:0:0:0:0:0:0:1', '500108199608254012', '2018-11-19 20:41:05', '');
INSERT INTO `t_loginlog` VALUES (252, '0:0:0:0:0:0:0:1', '500108199608254012', '2018-11-19 20:48:52', '四川省成都市');
INSERT INTO `t_loginlog` VALUES (253, '0:0:0:0:0:0:0:1', 'admin', '2018-11-19 20:54:07', '四川省成都市');
INSERT INTO `t_loginlog` VALUES (254, '0:0:0:0:0:0:0:1', 'admin', '2018-11-19 20:55:51', '四川省成都市');
INSERT INTO `t_loginlog` VALUES (255, '0:0:0:0:0:0:0:1', '500108199608254012', '2018-11-19 21:11:13', '四川省成都市');
INSERT INTO `t_loginlog` VALUES (256, '0:0:0:0:0:0:0:1', 'admin', '2018-11-19 22:31:12', '香港特别行政区香港特别行政区');
INSERT INTO `t_loginlog` VALUES (257, '0:0:0:0:0:0:0:1', 'admin', '2018-11-19 22:32:06', '');
INSERT INTO `t_loginlog` VALUES (258, '0:0:0:0:0:0:0:1', '500108199608254012', '2018-11-19 22:32:35', '四川省成都市');
INSERT INTO `t_loginlog` VALUES (259, '0:0:0:0:0:0:0:1', 'admin', '2018-11-19 22:53:33', '四川省成都市');
INSERT INTO `t_loginlog` VALUES (260, '0:0:0:0:0:0:0:1', 'admin', '2018-11-19 22:54:47', '四川省成都市');
INSERT INTO `t_loginlog` VALUES (261, '0:0:0:0:0:0:0:1', '500108199608254012', '2018-11-19 22:57:20', '四川省成都市');
INSERT INTO `t_loginlog` VALUES (262, '0:0:0:0:0:0:0:1', 'admin', '2018-11-19 23:09:08', '四川省成都市');
INSERT INTO `t_loginlog` VALUES (263, '0:0:0:0:0:0:0:1', '500108199608254012', '2018-11-19 23:09:23', '四川省成都市');
INSERT INTO `t_loginlog` VALUES (264, '0:0:0:0:0:0:0:1', 'admin', '2018-11-19 23:20:06', '四川省成都市');
INSERT INTO `t_loginlog` VALUES (265, '0:0:0:0:0:0:0:1', 'admin', '2018-11-19 23:21:26', '四川省成都市');
INSERT INTO `t_loginlog` VALUES (266, '0:0:0:0:0:0:0:1', '500108199608254012', '2018-11-19 23:21:37', '四川省成都市');
INSERT INTO `t_loginlog` VALUES (267, '0:0:0:0:0:0:0:1', '500108199608254012', '2018-11-19 23:22:32', '四川省成都市');
INSERT INTO `t_loginlog` VALUES (268, '0:0:0:0:0:0:0:1', 'admin', '2018-11-19 23:34:20', '四川省成都市');
INSERT INTO `t_loginlog` VALUES (269, '0:0:0:0:0:0:0:1', 'admin', '2018-11-19 23:34:33', '四川省成都市');
INSERT INTO `t_loginlog` VALUES (270, '0:0:0:0:0:0:0:1', 'admin', '2018-11-19 23:39:25', '四川省成都市');
INSERT INTO `t_loginlog` VALUES (271, '0:0:0:0:0:0:0:1', 'admin', '2018-11-19 23:41:19', '四川省成都市');
INSERT INTO `t_loginlog` VALUES (272, '0:0:0:0:0:0:0:1', 'admin', '2018-11-19 23:54:12', '四川省成都市');
INSERT INTO `t_loginlog` VALUES (273, '0:0:0:0:0:0:0:1', 'admin', '2018-11-19 23:56:25', '四川省成都市');
INSERT INTO `t_loginlog` VALUES (274, '0:0:0:0:0:0:0:1', 'admin', '2018-11-20 09:45:28', '四川省成都市');
INSERT INTO `t_loginlog` VALUES (275, '0:0:0:0:0:0:0:1', '500108199608254012', '2018-11-20 09:46:30', '');
INSERT INTO `t_loginlog` VALUES (276, '0:0:0:0:0:0:0:1', 'admin', '2018-11-20 09:46:52', '');
INSERT INTO `t_loginlog` VALUES (277, '0:0:0:0:0:0:0:1', '500108199608254012', '2018-11-20 09:52:26', '');
INSERT INTO `t_loginlog` VALUES (278, '0:0:0:0:0:0:0:1', 'admin', '2018-11-20 09:53:43', '');
INSERT INTO `t_loginlog` VALUES (279, '0:0:0:0:0:0:0:1', 'admin', '2018-11-20 10:01:39', '');
INSERT INTO `t_loginlog` VALUES (280, '0:0:0:0:0:0:0:1', '500108199608254012', '2018-11-20 10:01:59', '四川省成都市');
INSERT INTO `t_loginlog` VALUES (281, '0:0:0:0:0:0:0:1', 'admin', '2018-11-20 10:02:27', '四川省成都市');
INSERT INTO `t_loginlog` VALUES (282, '0:0:0:0:0:0:0:1', '500108199608254012', '2018-11-20 17:10:04', '四川省成都市');
INSERT INTO `t_loginlog` VALUES (283, '0:0:0:0:0:0:0:1', 'admin', '2018-11-20 17:10:44', '四川省成都市');
INSERT INTO `t_loginlog` VALUES (284, '0:0:0:0:0:0:0:1', 'admin', '2018-11-20 17:24:02', '四川省成都市');
INSERT INTO `t_loginlog` VALUES (285, '0:0:0:0:0:0:0:1', '500108199608254012', '2018-11-20 17:24:26', '四川省成都市');
INSERT INTO `t_loginlog` VALUES (286, '0:0:0:0:0:0:0:1', 'admin', '2018-11-20 17:24:42', '四川省成都市');
INSERT INTO `t_loginlog` VALUES (287, '0:0:0:0:0:0:0:1', 'admin', '2018-11-20 17:24:53', '四川省成都市');
INSERT INTO `t_loginlog` VALUES (288, '0:0:0:0:0:0:0:1', '500108199608254012', '2018-11-20 17:25:21', '四川省成都市');
INSERT INTO `t_loginlog` VALUES (289, '0:0:0:0:0:0:0:1', '500108199608254012', '2018-11-20 17:37:18', '四川省成都市');
INSERT INTO `t_loginlog` VALUES (290, '0:0:0:0:0:0:0:1', 'admin', '2018-11-20 17:37:35', '四川省成都市');
INSERT INTO `t_loginlog` VALUES (291, '0:0:0:0:0:0:0:1', '500108199608254012', '2018-11-20 17:40:10', '');
INSERT INTO `t_loginlog` VALUES (292, '0:0:0:0:0:0:0:1', 'admin', '2018-11-20 17:41:28', '');
INSERT INTO `t_loginlog` VALUES (293, '0:0:0:0:0:0:0:1', '500108199608254012', '2018-11-20 17:44:04', '四川省成都市');
INSERT INTO `t_loginlog` VALUES (294, '0:0:0:0:0:0:0:1', '500108199608254012', '2018-11-20 17:49:37', '四川省成都市');
INSERT INTO `t_loginlog` VALUES (295, '0:0:0:0:0:0:0:1', 'admin', '2018-11-20 19:05:51', '四川省成都市');
INSERT INTO `t_loginlog` VALUES (296, '0:0:0:0:0:0:0:1', 'admin', '2018-11-20 19:06:12', '');
INSERT INTO `t_loginlog` VALUES (297, '0:0:0:0:0:0:0:1', '500108199608254012', '2018-11-20 19:06:30', '四川省成都市');
INSERT INTO `t_loginlog` VALUES (298, '0:0:0:0:0:0:0:1', '500108199608254012', '2018-11-20 19:09:33', '四川省成都市');
INSERT INTO `t_loginlog` VALUES (299, '0:0:0:0:0:0:0:1', '500108199608254012', '2018-11-20 19:12:26', '四川省成都市');
INSERT INTO `t_loginlog` VALUES (300, '0:0:0:0:0:0:0:1', 'admin', '2018-11-20 19:14:30', '四川省成都市');
INSERT INTO `t_loginlog` VALUES (301, '0:0:0:0:0:0:0:1', '500108199608254012', '2018-11-20 19:15:54', '四川省成都市');
INSERT INTO `t_loginlog` VALUES (302, '0:0:0:0:0:0:0:1', 'admin', '2018-11-20 19:17:49', '四川省成都市');
INSERT INTO `t_loginlog` VALUES (303, '0:0:0:0:0:0:0:1', 'admin', '2018-11-20 19:20:25', '四川省成都市');
INSERT INTO `t_loginlog` VALUES (304, '0:0:0:0:0:0:0:1', 'admin', '2018-11-20 19:48:47', '');
INSERT INTO `t_loginlog` VALUES (305, '0:0:0:0:0:0:0:1', 'admin', '2018-11-20 19:51:16', '');
INSERT INTO `t_loginlog` VALUES (306, '0:0:0:0:0:0:0:1', '500108199608254012', '2018-11-20 19:56:48', '四川省成都市');
INSERT INTO `t_loginlog` VALUES (307, '0:0:0:0:0:0:0:1', 'admin', '2018-11-20 20:01:10', '四川省成都市');
INSERT INTO `t_loginlog` VALUES (308, '0:0:0:0:0:0:0:1', '500108199608254012', '2018-11-20 20:03:06', '四川省成都市');
INSERT INTO `t_loginlog` VALUES (309, '0:0:0:0:0:0:0:1', '500108199608254012', '2018-11-20 20:06:03', '四川省成都市');
INSERT INTO `t_loginlog` VALUES (310, '0:0:0:0:0:0:0:1', 'admin', '2018-11-20 20:07:05', '四川省成都市');
INSERT INTO `t_loginlog` VALUES (311, '0:0:0:0:0:0:0:1', '500108199608254012', '2018-11-20 20:34:20', '四川省成都市');
INSERT INTO `t_loginlog` VALUES (312, '0:0:0:0:0:0:0:1', 'szl', '2018-11-20 20:37:54', '四川省成都市');
INSERT INTO `t_loginlog` VALUES (313, '0:0:0:0:0:0:0:1', 'szl', '2018-11-20 20:50:04', '四川省成都市');
INSERT INTO `t_loginlog` VALUES (314, '0:0:0:0:0:0:0:1', 'admin', '2018-11-20 20:50:22', '四川省成都市');
INSERT INTO `t_loginlog` VALUES (315, '0:0:0:0:0:0:0:1', 'admin', '2018-11-21 09:23:54', '');
INSERT INTO `t_loginlog` VALUES (316, '0:0:0:0:0:0:0:1', 'szl', '2018-11-21 09:24:40', '');
INSERT INTO `t_loginlog` VALUES (317, '0:0:0:0:0:0:0:1', 'admin', '2018-11-21 14:24:54', '');
INSERT INTO `t_loginlog` VALUES (318, '0:0:0:0:0:0:0:1', 'szl', '2018-11-21 14:25:05', '');
INSERT INTO `t_loginlog` VALUES (319, '0:0:0:0:0:0:0:1', '500108199608254012', '2018-11-21 14:25:37', '四川省成都市');
INSERT INTO `t_loginlog` VALUES (320, '0:0:0:0:0:0:0:1', '500108199608254012', '2018-11-21 14:27:51', '');
INSERT INTO `t_loginlog` VALUES (321, '0:0:0:0:0:0:0:1', 'admin', '2018-11-21 14:40:13', '');
INSERT INTO `t_loginlog` VALUES (322, '0:0:0:0:0:0:0:1', '500108199608254012', '2018-11-21 14:40:33', '');
INSERT INTO `t_loginlog` VALUES (323, '0:0:0:0:0:0:0:1', '500108199608254012', '2018-11-21 14:44:29', '四川省成都市');
INSERT INTO `t_loginlog` VALUES (324, '0:0:0:0:0:0:0:1', 'admin', '2018-11-21 15:16:06', '');
INSERT INTO `t_loginlog` VALUES (325, '0:0:0:0:0:0:0:1', '500108199608254012', '2018-11-21 15:16:30', '');
INSERT INTO `t_loginlog` VALUES (326, '0:0:0:0:0:0:0:1', '500108199608254012', '2018-11-21 15:18:23', '');
INSERT INTO `t_loginlog` VALUES (327, '0:0:0:0:0:0:0:1', 'admin', '2018-11-21 15:41:01', '四川省成都市');
INSERT INTO `t_loginlog` VALUES (328, '0:0:0:0:0:0:0:1', '500108199608254012', '2018-11-21 15:41:39', '');
INSERT INTO `t_loginlog` VALUES (329, '0:0:0:0:0:0:0:1', 'admin', '2018-11-21 15:42:11', '四川省成都市');
INSERT INTO `t_loginlog` VALUES (330, '0:0:0:0:0:0:0:1', 'admin', '2018-11-21 16:13:13', '');
INSERT INTO `t_loginlog` VALUES (331, '0:0:0:0:0:0:0:1', 'admin', '2018-11-21 16:36:36', '');
INSERT INTO `t_loginlog` VALUES (332, '0:0:0:0:0:0:0:1', 'admin', '2018-11-21 17:15:00', '四川省成都市');
INSERT INTO `t_loginlog` VALUES (333, '0:0:0:0:0:0:0:1', 'szl', '2018-11-21 17:15:30', '四川省成都市');
INSERT INTO `t_loginlog` VALUES (334, '0:0:0:0:0:0:0:1', 'admin', '2018-11-21 17:16:28', '四川省成都市');
INSERT INTO `t_loginlog` VALUES (335, '0:0:0:0:0:0:0:1', '500108199608254012', '2018-11-21 17:16:38', '四川省成都市');
INSERT INTO `t_loginlog` VALUES (336, '0:0:0:0:0:0:0:1', 'admin', '2018-11-21 17:24:57', '四川省成都市');
INSERT INTO `t_loginlog` VALUES (337, '0:0:0:0:0:0:0:1', '500108199608254012', '2018-11-21 17:25:10', '四川省成都市');
INSERT INTO `t_loginlog` VALUES (338, '0:0:0:0:0:0:0:1', '500108199608254012', '2018-11-21 17:46:27', '四川省成都市');
INSERT INTO `t_loginlog` VALUES (339, '0:0:0:0:0:0:0:1', '500108199608254012', '2018-11-21 17:55:24', '四川省成都市');
INSERT INTO `t_loginlog` VALUES (340, '0:0:0:0:0:0:0:1', '500108199608254012', '2018-11-21 17:58:10', '四川省成都市');
INSERT INTO `t_loginlog` VALUES (341, '0:0:0:0:0:0:0:1', '500108199608254012', '2018-11-21 18:40:55', '四川省成都市');
INSERT INTO `t_loginlog` VALUES (342, '0:0:0:0:0:0:0:1', '500108199608254012', '2018-11-21 18:45:24', '');
INSERT INTO `t_loginlog` VALUES (343, '0:0:0:0:0:0:0:1', '500108199608254012', '2018-11-21 18:51:33', '');
INSERT INTO `t_loginlog` VALUES (344, '0:0:0:0:0:0:0:1', 'admin', '2018-11-21 18:52:55', '四川省成都市');
INSERT INTO `t_loginlog` VALUES (345, '0:0:0:0:0:0:0:1', '500108199608254012', '2018-11-21 18:53:15', '');
INSERT INTO `t_loginlog` VALUES (346, '0:0:0:0:0:0:0:1', 'admin', '2018-11-21 18:54:14', '');
INSERT INTO `t_loginlog` VALUES (347, '0:0:0:0:0:0:0:1', 'admin', '2018-11-21 19:02:06', '四川省成都市');
INSERT INTO `t_loginlog` VALUES (348, '0:0:0:0:0:0:0:1', 'admin', '2018-11-21 19:07:21', '四川省成都市');
INSERT INTO `t_loginlog` VALUES (349, '0:0:0:0:0:0:0:1', '500108199608254012', '2018-11-21 19:07:48', '四川省成都市');
INSERT INTO `t_loginlog` VALUES (350, '0:0:0:0:0:0:0:1', 'admin', '2018-11-21 19:08:21', '四川省成都市');
INSERT INTO `t_loginlog` VALUES (351, '0:0:0:0:0:0:0:1', 'szl', '2018-11-21 19:08:48', '四川省成都市');
INSERT INTO `t_loginlog` VALUES (352, '0:0:0:0:0:0:0:1', '500108199608254012', '2018-11-21 19:09:10', '四川省成都市');
INSERT INTO `t_loginlog` VALUES (353, '0:0:0:0:0:0:0:1', '500108199608254012', '2018-11-21 19:18:42', '四川省成都市');
INSERT INTO `t_loginlog` VALUES (354, '0:0:0:0:0:0:0:1', 'admin', '2018-11-21 19:19:11', '四川省成都市');
INSERT INTO `t_loginlog` VALUES (355, '0:0:0:0:0:0:0:1', '500108199608254012', '2018-11-21 19:20:20', '四川省成都市');
INSERT INTO `t_loginlog` VALUES (356, '0:0:0:0:0:0:0:1', '500108199608254012', '2018-11-21 19:41:30', '四川省成都市');
INSERT INTO `t_loginlog` VALUES (357, '0:0:0:0:0:0:0:1', 'admin', '2018-11-21 19:42:04', '四川省成都市');
INSERT INTO `t_loginlog` VALUES (358, '0:0:0:0:0:0:0:1', 'szl', '2018-11-21 19:42:25', '四川省成都市');
INSERT INTO `t_loginlog` VALUES (359, '0:0:0:0:0:0:0:1', '500108199608254012', '2018-11-21 19:42:47', '四川省成都市');
INSERT INTO `t_loginlog` VALUES (360, '0:0:0:0:0:0:0:1', 'admin', '2018-11-21 19:43:43', '四川省成都市');
INSERT INTO `t_loginlog` VALUES (361, '0:0:0:0:0:0:0:1', 'admin', '2018-11-21 19:44:04', '四川省成都市');
INSERT INTO `t_loginlog` VALUES (362, '0:0:0:0:0:0:0:1', '500108199608254012', '2018-11-21 19:44:14', '四川省成都市');
INSERT INTO `t_loginlog` VALUES (363, '0:0:0:0:0:0:0:1', 'admin', '2018-11-21 19:44:44', '四川省成都市');
INSERT INTO `t_loginlog` VALUES (364, '0:0:0:0:0:0:0:1', '500108199608254012', '2018-11-21 19:54:44', '四川省成都市');
INSERT INTO `t_loginlog` VALUES (365, '0:0:0:0:0:0:0:1', 'admin', '2018-11-21 19:55:24', '四川省成都市');
INSERT INTO `t_loginlog` VALUES (366, '0:0:0:0:0:0:0:1', 'admin', '2018-11-21 20:05:09', '');
INSERT INTO `t_loginlog` VALUES (367, '0:0:0:0:0:0:0:1', 'szl', '2018-11-21 20:06:46', '四川省成都市');
INSERT INTO `t_loginlog` VALUES (368, '0:0:0:0:0:0:0:1', 'admin', '2018-11-21 20:08:49', '四川省成都市');
INSERT INTO `t_loginlog` VALUES (369, '0:0:0:0:0:0:0:1', 'admin', '2018-11-21 20:09:53', '四川省成都市');
INSERT INTO `t_loginlog` VALUES (370, '0:0:0:0:0:0:0:1', '500108199608254012', '2018-11-21 20:10:11', '四川省成都市');
INSERT INTO `t_loginlog` VALUES (371, '0:0:0:0:0:0:0:1', 'admin', '2018-11-21 20:11:41', '四川省成都市');
INSERT INTO `t_loginlog` VALUES (372, '0:0:0:0:0:0:0:1', '500108199608254012', '2018-11-21 20:58:38', '四川省成都市');
INSERT INTO `t_loginlog` VALUES (373, '0:0:0:0:0:0:0:1', 'admin', '2018-11-21 20:58:59', '四川省成都市');
INSERT INTO `t_loginlog` VALUES (374, '0:0:0:0:0:0:0:1', '500108199608254012', '2018-11-21 21:01:54', '四川省成都市');
INSERT INTO `t_loginlog` VALUES (375, '0:0:0:0:0:0:0:1', 'admin', '2018-11-21 21:02:11', '四川省成都市');
INSERT INTO `t_loginlog` VALUES (376, '0:0:0:0:0:0:0:1', '500108199608254012', '2018-11-21 21:07:47', '');
INSERT INTO `t_loginlog` VALUES (377, '0:0:0:0:0:0:0:1', 'admin', '2018-11-21 21:08:03', '');
INSERT INTO `t_loginlog` VALUES (378, '0:0:0:0:0:0:0:1', '500108199608254012', '2018-11-21 21:08:20', '');
INSERT INTO `t_loginlog` VALUES (379, '0:0:0:0:0:0:0:1', 'admin', '2018-11-21 22:17:58', '四川省成都市');
INSERT INTO `t_loginlog` VALUES (380, '0:0:0:0:0:0:0:1', '500108199608254012', '2018-11-21 22:20:11', '四川省成都市');
INSERT INTO `t_loginlog` VALUES (381, '0:0:0:0:0:0:0:1', 'admin', '2018-11-21 22:20:44', '四川省成都市');
INSERT INTO `t_loginlog` VALUES (382, '0:0:0:0:0:0:0:1', '500108199608254012', '2018-11-21 22:21:05', '四川省成都市');
INSERT INTO `t_loginlog` VALUES (383, '0:0:0:0:0:0:0:1', 'admin', '2018-11-21 22:21:18', '四川省成都市');
INSERT INTO `t_loginlog` VALUES (384, '0:0:0:0:0:0:0:1', 'szl', '2018-11-21 22:21:39', '四川省成都市');
INSERT INTO `t_loginlog` VALUES (385, '0:0:0:0:0:0:0:1', '500108199608254012', '2018-11-21 22:22:08', '四川省成都市');
INSERT INTO `t_loginlog` VALUES (386, '0:0:0:0:0:0:0:1', 'admin', '2018-11-21 22:37:55', '四川省成都市');
INSERT INTO `t_loginlog` VALUES (387, '0:0:0:0:0:0:0:1', 'szl1', '2018-11-21 22:38:35', '四川省成都市');
INSERT INTO `t_loginlog` VALUES (388, '0:0:0:0:0:0:0:1', '500108199608254012', '2018-11-21 22:39:03', '四川省成都市');
INSERT INTO `t_loginlog` VALUES (389, '0:0:0:0:0:0:0:1', 'szl1', '2018-11-21 22:39:39', '四川省成都市');
INSERT INTO `t_loginlog` VALUES (390, '0:0:0:0:0:0:0:1', 'admin', '2018-11-21 22:39:47', '四川省成都市');
INSERT INTO `t_loginlog` VALUES (391, '0:0:0:0:0:0:0:1', 'admin', '2018-11-21 22:43:34', '四川省成都市');
INSERT INTO `t_loginlog` VALUES (392, '0:0:0:0:0:0:0:1', 'szl', '2018-11-21 22:44:12', '四川省成都市');
INSERT INTO `t_loginlog` VALUES (393, '0:0:0:0:0:0:0:1', 'szl1', '2018-11-21 22:44:52', '四川省成都市');
INSERT INTO `t_loginlog` VALUES (394, '0:0:0:0:0:0:0:1', '500108199608254012', '2018-11-21 22:45:11', '四川省成都市');
INSERT INTO `t_loginlog` VALUES (395, '0:0:0:0:0:0:0:1', 'admin', '2018-11-21 22:48:42', '四川省成都市');
INSERT INTO `t_loginlog` VALUES (396, '0:0:0:0:0:0:0:1', 'admin', '2018-11-21 23:02:41', '四川省成都市');
INSERT INTO `t_loginlog` VALUES (397, '0:0:0:0:0:0:0:1', 'admin', '2018-11-21 23:10:09', '四川省成都市');
INSERT INTO `t_loginlog` VALUES (398, '0:0:0:0:0:0:0:1', 'admin', '2018-11-21 23:14:10', '四川省成都市');

-- ----------------------------
-- Table structure for t_processdefine
-- ----------------------------
DROP TABLE IF EXISTS `t_processdefine`;
CREATE TABLE `t_processdefine`  (
  `id` int(10) NOT NULL AUTO_INCREMENT,
  `key` varchar(255) CHARACTER SET utf8 COLLATE utf8_general_ci DEFAULT NULL,
  `type` varchar(255) CHARACTER SET utf8 COLLATE utf8_general_ci DEFAULT NULL,
  PRIMARY KEY (`id`) USING BTREE
) ENGINE = InnoDB AUTO_INCREMENT = 24 CHARACTER SET = utf8 COLLATE = utf8_general_ci ROW_FORMAT = Compact;

-- ----------------------------
-- Records of t_processdefine
-- ----------------------------
INSERT INTO `t_processdefine` VALUES (16, 'leaveProcess', '请假流程');
INSERT INTO `t_processdefine` VALUES (17, 'leaveProcess', '事假');
INSERT INTO `t_processdefine` VALUES (18, 'leaveProcess', '请假流程');
INSERT INTO `t_processdefine` VALUES (19, 'leaveProcess', '');
INSERT INTO `t_processdefine` VALUES (20, 'leaveProcess', '请假流程');
INSERT INTO `t_processdefine` VALUES (21, 'leaveProcess', '请假流程');
INSERT INTO `t_processdefine` VALUES (22, 'leaveProcess', '请假流程');
INSERT INTO `t_processdefine` VALUES (23, 'leaveProcess', '请假流程');

-- ----------------------------
-- Table structure for t_student
-- ----------------------------
DROP TABLE IF EXISTS `t_student`;
CREATE TABLE `t_student`  (
  `id` int(20) NOT NULL AUTO_INCREMENT,
  `no` varchar(128) CHARACTER SET utf8 COLLATE utf8_general_ci NOT NULL,
  `name` varchar(50) CHARACTER SET utf8 COLLATE utf8_general_ci DEFAULT NULL,
  `sex` varchar(2) CHARACTER SET utf8 COLLATE utf8_general_ci DEFAULT NULL,
  `birthday` date DEFAULT NULL,
  `cardno` varchar(20) CHARACTER SET utf8 COLLATE utf8_general_ci DEFAULT NULL,
  `school` varchar(50) CHARACTER SET utf8 COLLATE utf8_general_ci DEFAULT NULL,
  `education` varchar(20) CHARACTER SET utf8 COLLATE utf8_general_ci DEFAULT NULL,
  `gid` int(11) DEFAULT NULL,
  `flag` int(11) DEFAULT NULL,
  `email` varchar(50) CHARACTER SET utf8 COLLATE utf8_general_ci DEFAULT NULL,
  `qq` varchar(20) CHARACTER SET utf8 COLLATE utf8_general_ci DEFAULT NULL,
  `phone` varchar(20) CHARACTER SET utf8 COLLATE utf8_general_ci DEFAULT NULL,
  `createdate` date DEFAULT NULL,
  `photo` varchar(100) CHARACTER SET utf8 COLLATE utf8_general_ci DEFAULT NULL,
  `del` int(2) DEFAULT NULL,
  PRIMARY KEY (`id`) USING BTREE
) ENGINE = InnoDB AUTO_INCREMENT = 54 CHARACTER SET = utf8 COLLATE = utf8_general_ci ROW_FORMAT = Compact;

-- ----------------------------
-- Records of t_student
-- ----------------------------
INSERT INTO `t_student` VALUES (1, 'qf000002', '小王123', '女', '1998-03-20', '321721199803203212', '郑州大学', '初中', 1, 1, 'zhansgan@163.com', '222321', '110', '2018-03-03', 'media/photo/2018-11-09/20181109195222860_8.jpg', 0);
INSERT INTO `t_student` VALUES (2, '123123', '李四', '男', '2018-11-08', '123123', '成都大学', '博士', 1, 1, '123123', '123123', '123123', '2018-11-08', 'media/photo/2018-11-08/20181108171638604_7.jpg', 0);
INSERT INTO `t_student` VALUES (3, '2015104211', '张三', '男', '2018-11-08', '123', '成都大学', '博士', 4, 1, '123', '123', '123', '2018-11-08', 'media/photo/2018-11-08/20181108202734352_11.jpg', 0);
INSERT INTO `t_student` VALUES (4, '201510421101', '王五', '女', '2018-11-08', '123', '成都大学', '博士', 4, 1, '123', '123', '123', '2018-11-08', 'media/photo/2018-11-08/20181108203244459_12.jpg', 0);
INSERT INTO `t_student` VALUES (5, '201510421102', '小明', '女', '2018-11-08', '123', '成都大学', '博士', 4, 1, '123', '123', '123', '2018-11-08', 'media/photo/2018-11-08/20181108203523467_13.jpg', 0);
INSERT INTO `t_student` VALUES (6, '201510421103', '夏', '女', '2018-11-08', '123', '成都大学', '博士', 4, 1, '123', '123', '123', '2018-11-08', 'media/photo/2018-11-08/20181108203554488_14.jpg', 0);
INSERT INTO `t_student` VALUES (7, '123213', '小仙', '男', '2018-11-09', '12312', '成都大学', '初中', 5, 1, '213', '234234', '32423412', '2018-11-09', 'media/photo/2018-11-09/20181109195411058_13.jpg', 0);
INSERT INTO `t_student` VALUES (8, '1111', '小李', '男', '2010-10-10', '3453435', '北京大学', '初中', 1, 1, '234234@qq.com', '3453543', '1445678999', '2015-10-10', NULL, 0);
INSERT INTO `t_student` VALUES (9, '1112', '小李', '男', '2010-10-11', '3453436', '北京大学', '初中', 1, 1, '234235@qq.com', '3453544', '1445679000', '2015-10-11', NULL, 0);
INSERT INTO `t_student` VALUES (10, '1113', '小李', '男', '2010-10-12', '3453437', '北京大学', '初中', 1, 1, '234236@qq.com', '3453545', '1445679001', '2015-10-12', NULL, 0);
INSERT INTO `t_student` VALUES (11, '1114', '小李', '男', '2010-10-13', '3453438', '北京大学', '初中', 1, 1, '234237@qq.com', '3453546', '1445679002', '2015-10-13', NULL, 0);
INSERT INTO `t_student` VALUES (12, '1115', '小李', '男', '2010-10-14', '3453439', '北京大学', '初中', 1, 1, '234238@qq.com', '3453547', '1445679003', '2015-10-14', NULL, 0);
INSERT INTO `t_student` VALUES (13, '1116', '小李', '男', '2010-10-15', '3453440', '北京大学', '初中', 1, 1, '234239@qq.com', '3453548', '1445679004', '2015-10-15', NULL, 0);
INSERT INTO `t_student` VALUES (14, '9527', '周星星', '女', '2010-10-10', '435345435', '哈佛大学', '初中', 3, NULL, '34534534@qq.com', '23432432', '1345435435', '2018-10-10', '', 0);
INSERT INTO `t_student` VALUES (15, '9528', '周星星', '男', '2010-10-11', '435345436', '哈佛大学', '本科', 3, NULL, '34534535@qq.com', '23432433', '1345435436', '2018-10-11', NULL, 0);
INSERT INTO `t_student` VALUES (16, '9529', '周星星', '男', '2010-10-12', '435345437', '哈佛大学', '本科', 3, NULL, '34534536@qq.com', '23432434', '1345435437', '2018-10-12', NULL, 1);
INSERT INTO `t_student` VALUES (17, '9530', '周星星', '男', '2010-10-13', '435345438', '哈佛大学', '本科', 3, NULL, '34534537@qq.com', '23432435', '1345435438', '2018-10-13', NULL, 0);
INSERT INTO `t_student` VALUES (18, '9531', '周星星', '男', '2010-10-14', '435345439', '哈佛大学', '本科', 3, NULL, '34534538@qq.com', '23432436', '1345435439', '2018-10-14', NULL, 0);
INSERT INTO `t_student` VALUES (19, '9532', '周星星', '男', '2010-10-15', '435345440', '哈佛大学', '本科', 3, NULL, '34534539@qq.com', '23432437', '1345435440', '2018-10-15', NULL, 0);
INSERT INTO `t_student` VALUES (20, '9533', '周星星', '男', '2010-10-16', '435345441', '哈佛大学', '本科', 3, NULL, '34534540@qq.com', '23432438', '1345435441', '2018-10-16', NULL, 0);
INSERT INTO `t_student` VALUES (21, '9534', '周星星', '男', '2010-10-17', '435345442', '哈佛大学', '本科', 3, NULL, '34534541@qq.com', '23432439', '1345435442', '2018-10-17', NULL, 0);
INSERT INTO `t_student` VALUES (22, '9535', '周星星', '男', '2010-10-18', '435345443', '哈佛大学', '本科', 3, NULL, '34534542@qq.com', '23432440', '1345435443', '2018-10-18', NULL, 0);
INSERT INTO `t_student` VALUES (23, '9536', '周星星', '男', '2010-10-19', '435345444', '哈佛大学', '本科', 3, NULL, '34534543@qq.com', '23432441', '1345435444', '2018-10-19', NULL, 0);
INSERT INTO `t_student` VALUES (24, '9537', '周星星', '男', '2010-10-20', '435345445', '哈佛大学', '本科', 3, NULL, '34534544@qq.com', '23432442', '1345435445', '2018-10-20', NULL, 0);
INSERT INTO `t_student` VALUES (25, '9538', '周星星', '男', '2010-10-21', '435345446', '哈佛大学', '本科', 3, NULL, '34534545@qq.com', '23432443', '1345435446', '2018-10-21', NULL, 0);
INSERT INTO `t_student` VALUES (26, '9539', '周星星', '男', '2010-10-22', '435345447', '哈佛大学', '本科', 3, NULL, '34534546@qq.com', '23432444', '1345435447', '2018-10-22', NULL, 0);
INSERT INTO `t_student` VALUES (27, '9540', '周星星', '男', '2010-10-23', '435345448', '哈佛大学', '本科', 3, NULL, '34534547@qq.com', '23432445', '1345435448', '2018-10-23', NULL, 0);
INSERT INTO `t_student` VALUES (28, '9541', '周星星', '男', '2010-10-24', '435345449', '哈佛大学', '本科', 3, NULL, '34534548@qq.com', '23432446', '1345435449', '2018-10-24', NULL, 0);
INSERT INTO `t_student` VALUES (29, '9542', '周星星', '男', '2010-10-25', '435345450', '哈佛大学', '本科', 3, NULL, '34534549@qq.com', '23432447', '1345435450', '2018-10-25', NULL, 0);
INSERT INTO `t_student` VALUES (30, '9543', '周星星', '男', '2010-10-26', '435345451', '哈佛大学', '本科', 3, NULL, '34534550@qq.com', '23432448', '1345435451', '2018-10-26', NULL, 0);
INSERT INTO `t_student` VALUES (31, '9544', '周星星', '男', '2010-10-27', '435345452', '哈佛大学', '本科', 3, NULL, '34534551@qq.com', '23432449', '1345435452', '2018-10-27', NULL, 0);
INSERT INTO `t_student` VALUES (32, '9545', '周星星', '男', '2010-10-28', '435345453', '哈佛大学', '本科', 3, NULL, '34534552@qq.com', '23432450', '1345435453', '2018-10-28', NULL, 0);
INSERT INTO `t_student` VALUES (33, '9527', '周星星', '男', '2010-10-10', '435345435', '哈佛大学', '本科', 3, NULL, '34534534@qq.com', '23432432', '1345435435', '2018-10-10', NULL, 0);
INSERT INTO `t_student` VALUES (34, '9528', '周星星', '男', '2010-10-11', '435345436', '哈佛大学', '本科', 3, NULL, '34534535@qq.com', '23432433', '1345435436', '2018-10-11', NULL, 0);
INSERT INTO `t_student` VALUES (35, '9529', '周星星', '男', '2010-10-12', '435345437', '哈佛大学', '本科', 3, NULL, '34534536@qq.com', '23432434', '1345435437', '2018-10-12', NULL, 0);
INSERT INTO `t_student` VALUES (36, '9530', '周星星', '男', '2010-10-13', '435345438', '哈佛大学', '本科', 3, NULL, '34534537@qq.com', '23432435', '1345435438', '2018-10-13', NULL, 0);
INSERT INTO `t_student` VALUES (37, '9531', '周星星', '男', '2010-10-14', '435345439', '哈佛大学', '本科', 3, NULL, '34534538@qq.com', '23432436', '1345435439', '2018-10-14', NULL, 0);
INSERT INTO `t_student` VALUES (38, '9532', '周星星', '男', '2010-10-15', '435345440', '哈佛大学', '本科', 3, NULL, '34534539@qq.com', '23432437', '1345435440', '2018-10-15', NULL, 0);
INSERT INTO `t_student` VALUES (39, '9533', '周星星', '男', '2010-10-16', '435345441', '哈佛大学', '本科', 3, NULL, '34534540@qq.com', '23432438', '1345435441', '2018-10-16', NULL, 0);
INSERT INTO `t_student` VALUES (40, '9534', '周星星', '男', '2010-10-17', '435345442', '哈佛大学', '本科', 3, NULL, '34534541@qq.com', '23432439', '1345435442', '2018-10-17', NULL, 0);
INSERT INTO `t_student` VALUES (41, '9535', '周星星', '男', '2010-10-18', '435345443', '哈佛大学', '本科', 3, NULL, '34534542@qq.com', '23432440', '1345435443', '2018-10-18', NULL, 0);
INSERT INTO `t_student` VALUES (42, '9536', '周星星', '男', '2010-10-19', '435345444', '哈佛大学', '本科', 3, NULL, '34534543@qq.com', '23432441', '1345435444', '2018-10-19', NULL, 0);
INSERT INTO `t_student` VALUES (43, '9537', '周星星', '男', '2010-10-20', '435345445', '哈佛大学', '本科', 3, NULL, '34534544@qq.com', '23432442', '1345435445', '2018-10-20', NULL, 0);
INSERT INTO `t_student` VALUES (44, '9538', '周星星', '男', '2010-10-21', '435345446', '哈佛大学', '本科', 3, NULL, '34534545@qq.com', '23432443', '1345435446', '2018-10-21', NULL, 0);
INSERT INTO `t_student` VALUES (45, '9539', '周星星', '男', '2010-10-22', '435345447', '哈佛大学', '本科', 3, NULL, '34534546@qq.com', '23432444', '1345435447', '2018-10-22', NULL, 0);
INSERT INTO `t_student` VALUES (46, '9540', '周星星', '男', '2010-10-23', '435345448', '哈佛大学', '本科', 3, NULL, '34534547@qq.com', '23432445', '1345435448', '2018-10-23', NULL, 0);
INSERT INTO `t_student` VALUES (47, '9541', '周星星', '男', '2010-10-24', '435345449', '哈佛大学', '本科', 3, NULL, '34534548@qq.com', '23432446', '1345435449', '2018-10-24', NULL, 0);
INSERT INTO `t_student` VALUES (48, '9542', '周星星', '男', '2010-10-25', '435345450', '哈佛大学', '本科', 3, NULL, '34534549@qq.com', '23432447', '1345435450', '2018-10-25', NULL, 0);
INSERT INTO `t_student` VALUES (49, '9543', '周星星', '男', '2010-10-26', '435345451', '哈佛大学', '本科', 3, NULL, '34534550@qq.com', '23432448', '1345435451', '2018-10-26', NULL, 0);
INSERT INTO `t_student` VALUES (50, '9544', '周星星', '男', '2010-10-27', '435345452', '哈佛大学', '本科', 3, NULL, '34534551@qq.com', '23432449', '1345435452', '2018-10-27', NULL, 0);
INSERT INTO `t_student` VALUES (51, '1510501118', '谢霆锋', '男', '2010-10-28', '435345453', '哈佛大学', '本科', 1, NULL, '34534552@qq.com', '23432450', '1345435453', '2018-10-28', NULL, 0);
INSERT INTO `t_student` VALUES (52, '1510501121', '刘强东', '男', '2018-11-16', '500108199608254013', '鸡管是', '初中', 1, NULL, 'aasdas@', '1515151', '136255151', '2018-11-16', NULL, 0);
INSERT INTO `t_student` VALUES (53, '1510501113', '刘德华', '男', '2018-11-16', '500108199608254012', 'sassasa', '初中', 1, NULL, 'a501226107@qq.com', '1417638000', '13635418613', '2018-11-07', NULL, 0);

SET FOREIGN_KEY_CHECKS = 1;
